Date,Close,Volume,Turnover
2016-01-01,1441.55,47079,67999192.55
2016-01-04,1450.75,79294,115322878.85
2016-01-05,1471.3,161216,236977073.55
2016-01-06,1451.9,78722,115007926.7
2016-01-07,1417.35,115150,162573227.05
2016-01-08,1408.55,169189,239820436.5
2016-01-11,1474.85,278765,403050584.95
2016-01-12,1500.05,280622,416459001.85
2016-01-13,1499.7,163977,243094390.75
2016-01-14,1518.5,491699,749045811.4
2016-01-15,1542.4,565791,886118974.4
2016-01-18,1469.85,447514,671921551.15
2016-01-19,1443.55,401770,583406144.65
2016-01-20,1444.95,301809,429615799.2
2016-01-21,1453.5,191048,277148282.6
2016-01-22,1449.75,219213,318037422.05
2016-01-25,1469.2,101597,148889437.15
2016-01-27,1487.85,151221,223685013.45
2016-01-28,1477.4,342101,511286568.8
2016-01-29,1472.05,199663,293125473.35
2016-02-01,1488.2,108152,161244930.25
2016-02-02,1517.75,301957,455091861.8
2016-02-03,1495.25,250612,376952705.8
2016-02-04,1500.35,127525,191718082.4
2016-02-05,1531.55,201242,308046562.7
2016-02-08,1526.85,176676,272118391.3
2016-02-09,1481.2,146279,218095825.9
2016-02-10,1484.55,175568,260152892.8
2016-02-11,1441.9,124518,182491741.85
2016-02-12,1428.1,116689,166464742.7
2016-02-15,1438.6,62323,90027481.05
2016-02-16,1399.25,157597,223132812.7
2016-02-17,1390.05,202856,279245581.5
2016-02-18,1406.85,289185,410078501.9
2016-02-19,1420.95,104667,148397172.55
2016-02-22,1420.65,181794,258496851.4
2016-02-23,1437.9,200556,286901977.3
2016-02-24,1425.7,132748,189602521.05
2016-02-25,1435.75,417946,596306611.8
2016-02-26,1432.55,148597,212766723.85
2016-02-29,1426.35,236129,336705221.1
2016-03-01,1469.2,364036,529505602.75
2016-03-02,1525.65,439818,670649643.9
2016-03-03,1575.4,893208,1392795414.15
2016-03-04,1589.9,818848,1295355454.4
2016-03-08,1546.35,1346046,2098843283.6
2016-03-09,684.3,2246769,1563365608.15
2016-03-10,670.45,1009523,684746613.3
2016-03-11,663.15,963982,646871280.75
2016-03-14,651.6,676710,443711431.3
2016-03-15,642.45,522929,338111968.8
2016-03-16,639.75,446178,284795826.35
2016-03-17,656.85,794674,519462555.8
2016-03-18,666.15,755756,502972404.7
2016-03-21,667.85,505661,338480932.65
2016-03-22,658.25,383700,252584024.95
2016-03-23,651.05,554464,361284745.4
2016-03-28,626.65,584234,372023632.25
2016-03-29,616.1,911848,559415693.7
2016-03-30,663.05,1089645,703697934.75
2016-03-31,653.25,1017313,663723672.0
2016-04-01,668.15,665156,446086821.6
2016-04-04,676.05,375330,252780620.35
2016-04-05,658.35,376039,248482935.7
2016-04-06,667.9,236883,156322568.9
2016-04-07,671.65,260030,174181076.35
2016-04-08,667.5,194227,129143539.55
2016-04-11,667.7,292040,193466982.05
2016-04-12,677.0,320599,216657760.35
2016-04-13,691.6,479332,330979282.3
2016-04-18,730.8,1347937,986060873.8
2016-04-20,723.95,1306067,957939479.3
2016-04-21,715.8,279504,201047168.1
2016-04-22,708.3,202153,143373144.35
2016-04-25,698.5,266105,186299250.35
2016-04-26,707.35,511423,361327494.15
2016-04-27,699.7,203449,143170061.25
2016-04-28,686.2,406581,281622243.95
2016-04-29,678.8,259268,176646781.05
2016-05-02,681.85,203628,138158608.5
2016-05-03,670.25,271041,184883213.1
2016-05-04,661.45,363791,242722786.05
2016-05-05,664.0,347883,232502632.6
2016-05-06,659.0,425881,282055783.4
2016-05-09,657.15,446569,293193151.0
2016-05-10,645.85,446140,290705247.75
2016-05-11,652.35,284653,185134878.65
2016-05-12,660.25,302123,199092070.5
2016-05-13,652.9,280730,183823768.0
2016-05-16,645.3,309699,200209506.3
2016-05-17,645.5,267863,173826143.7
2016-05-18,644.0,374107,241290493.25
2016-05-19,644.0,236490,153132710.0
2016-05-20,630.45,743132,467597263.55
2016-05-23,640.85,697284,446963596.85
2016-05-24,647.75,346717,224549698.45
2016-05-25,648.75,282641,183790809.55
2016-05-26,665.35,1056012,702962818.6
2016-05-27,667.6,292406,194686971.3
2016-05-30,671.7,303036,204514395.4
2016-05-31,660.9,497989,331235286.55
2016-06-01,654.8,386462,254287293.3
2016-06-02,653.6,223900,146968489.85
2016-06-03,647.45,296670,192455665.95
2016-06-06,644.55,280721,182015305.2
2016-06-07,650.3,226377,146291292.4
2016-06-08,650.7,171084,111286913.3
2016-06-09,639.2,197627,127211438.65
2016-06-10,639.35,305938,195260177.3
2016-06-13,635.15,172326,108980848.1
2016-06-14,643.95,319795,205263092.65
2016-06-15,640.05,178910,114520500.9
2016-06-16,630.05,222697,140931361.85
2016-06-17,630.0,333913,210645504.95
2016-06-20,639.8,782637,499471665.55
2016-06-21,657.7,736685,485743237.85
2016-06-22,653.6,223788,147326547.05
2016-06-23,659.95,390951,258580016.8
2016-06-24,659.9,321982,208590352.4
2016-06-27,651.85,222756,145936277.65
2016-06-28,662.8,196358,129753449.45
2016-06-29,663.4,274586,184020624.05
2016-06-30,664.85,214176,143139918.8
2016-07-01,673.9,197599,133045619.85
2016-07-04,672.15,109459,73756076.3
2016-07-05,678.3,148162,100450872.9
2016-07-07,659.35,237552,157868562.0
2016-07-08,654.4,153211,99963170.1
2016-07-11,665.55,163777,108610834.1
2016-07-12,661.05,277878,182942565.85
2016-07-13,650.45,233079,152481538.0
2016-07-14,653.3,231440,150601068.5
2016-07-15,637.25,323674,208371708.55
2016-07-18,614.2,1965175,1215863470.35
2016-07-19,561.55,5025113,2876859410.85
2016-07-20,570.4,1769995,997404212.75
2016-07-21,565.95,630769,357642186.2
2016-07-22,556.9,852107,475615113.55
2016-07-25,551.75,824603,455855387.75
2016-07-26,565.0,931960,524876462.8
2016-07-27,565.1,386495,217908730.7
2016-07-28,582.3,1936855,1115709609.5
2016-07-29,578.65,243584,140415941.7
2016-08-01,601.6,1457965,877773066.85
2016-08-02,612.95,705444,432363290.0
2016-08-03,600.1,472832,284210839.85
2016-08-04,604.85,302559,182912023.65
2016-08-05,613.0,179741,109537635.5
2016-08-08,617.8,336690,207571232.1
2016-08-09,596.55,429766,258152969.05
2016-08-10,572.3,607829,352523214.35
2016-08-11,580.7,332114,191124152.6
2016-08-12,579.8,209141,121221355.8
2016-08-16,569.15,468689,266623922.45
2016-08-17,566.35,453471,256276300.05
2016-08-18,564.75,535152,303551643.9
2016-08-19,565.7,259260,146693901.9
2016-08-22,551.25,499181,276897214.35
2016-08-23,566.2,492386,276942551.55
2016-08-24,568.6,307427,174906014.8
2016-08-25,567.8,623291,351247518.7
2016-08-26,569.25,247382,141817374.8
2016-08-29,564.95,209798,118226173.05
2016-08-30,570.15,277452,158086762.65
2016-08-31,562.55,282080,159931153.4
2016-09-01,553.75,402581,223786462.6
2016-09-02,548.85,386267,211833563.7
2016-09-06,525.0,3068228,1581464755.3
2016-09-07,518.9,801807,417842298.75
2016-09-08,515.3,519292,267627697.9
2016-09-09,522.8,453362,237604512.3
2016-09-12,516.5,492866,256676767.5
2016-09-14,513.5,658746,338496540.0
2016-09-15,514.0,459686,236414810.2
2016-09-16,512.2,535022,274076744.95
2016-09-19,505.25,1612032,816199100.55
2016-09-20,502.1,1924421,967833933.2
2016-09-21,510.25,943478,484599850.85
2016-09-22,509.75,365999,187115003.2
2016-09-23,505.2,465196,236338721.35
2016-09-26,497.75,380664,190212126.25
2016-09-27,493.0,391845,193442790.35
2016-09-28,492.95,322152,159164834.95
2016-09-29,481.6,629135,303396446.65
2016-09-30,482.15,331125,159161196.0
2016-10-03,488.55,358594,175563337.9
2016-10-04,495.95,431668,213561761.7
2016-10-05,498.4,243588,121554749.75
2016-10-06,491.2,238126,117042948.5
2016-10-07,491.85,127789,62581140.7
2016-10-10,500.9,395508,197522739.75
2016-10-13,489.7,350240,172107498.7
2016-10-14,501.05,518351,258921943.65
2016-10-17,490.6,338164,166381066.15
2016-10-18,476.85,1407550,676238498.7
2016-10-19,476.95,901113,432199246.25
2016-10-20,479.05,550097,263385290.0
2016-10-21,479.0,1022279,493575462.2
2016-10-24,456.0,3054170,1398085250.25
2016-10-25,454.9,1282622,582476229.8
2016-10-26,450.2,487349,221001203.1
2016-10-27,441.5,1092899,482531829.0
2016-10-28,435.95,596777,263106832.55
2016-11-01,439.55,344508,151960951.85
2016-11-02,433.55,336448,145690474.75
2016-11-03,428.35,694279,297935858.75
2016-11-04,425.15,597659,254230177.3
2016-11-07,429.25,395769,169537831.15
2016-11-08,442.65,775453,342631471.4
2016-11-09,436.15,820980,349004755.25
2016-11-10,437.4,511782,226857832.15
2016-11-11,423.55,467791,198980867.1
2016-11-15,430.55,641117,270668688.5
2016-11-16,437.9,768862,339980244.05
2016-11-17,441.75,429608,189816406.05
2016-11-18,442.25,295104,130641146.3
2016-11-21,441.8,411678,181199121.85
2016-11-22,453.15,477673,214239890.2
2016-11-23,453.5,364788,165386504.25
2016-11-24,462.85,472798,217853235.65
2016-11-25,478.25,667237,318725954.45
2016-11-28,477.8,573779,275405073.4
2016-11-29,473.65,240663,114295169.95
2016-11-30,477.35,326420,155509121.65
2016-12-01,466.6,313290,147119525.7
2016-12-02,460.45,277686,128882780.65
2016-12-05,448.35,513708,230108712.35
2016-12-06,459.8,440126,201908928.55
2016-12-07,457.75,936167,433206317.1
2016-12-08,462.2,400544,186030054.5
2016-12-09,470.65,180891,84690610.5
2016-12-12,468.25,168013,78391186.5
2016-12-13,492.5,1169887,569100152.25
2016-12-14,502.9,1723327,868993482.35
2016-12-15,495.3,698528,350677405.65
2016-12-16,501.35,308912,154823518.7
2016-12-19,500.1,220410,110231723.25
2016-12-20,494.1,176755,87822689.0
2016-12-21,493.95,158414,78456259.65
2016-12-22,495.4,438117,218247373.15
2016-12-23,496.9,644215,323384991.95
2016-12-26,487.9,236328,115948090.6
2016-12-27,486.2,311180,150688580.65
2016-12-28,510.15,1326200,674978595.4
2016-12-29,523.85,1326137,689196947.5
2016-12-30,521.65,505041,266020621.4
2017-01-02,516.7,325104,168981603.55
2017-01-03,507.9,336558,171627611.25
2017-01-04,526.4,808723,423054468.55
2017-01-05,523.7,731092,385478958.65
2017-01-06,500.2,1235324,629979225.2
2017-01-09,495.5,674209,333223379.15
2017-01-10,487.15,465634,228354715.3
2017-01-11,487.3,389807,190677455.5
2017-01-12,491.3,482524,237548403.85
2017-01-13,490.85,370548,182403688.05
2017-01-16,484.95,210193,101968184.95
2017-01-17,484.85,210027,102007386.65
2017-01-18,495.5,426442,209613850.65
2017-01-19,485.1,508958,248063516.5
2017-01-20,475.25,960247,456087544.1
2017-01-23,471.3,619942,291666656.4
2017-01-24,470.25,247483,116394263.3
2017-01-25,461.65,608304,282130657.2
2017-01-27,472.5,421239,198034668.65
2017-01-30,465.55,315125,146929767.5
2017-01-31,450.5,1236174,559254517.9
2017-02-01,459.85,998069,449446054.5
2017-02-02,461.0,484663,221838583.85
2017-02-03,459.35,716633,329785552.75
2017-02-06,464.85,408238,189260459.85
2017-02-07,452.8,601579,274298834.1
2017-02-08,450.1,582072,263092209.95
2017-02-09,457.6,652631,296116660.9
2017-02-10,466.65,810339,376318960.4
2017-02-13,468.15,361833,169522717.7
2017-02-14,455.1,468060,214753618.25
2017-02-15,457.65,694915,318405410.9
2017-02-16,468.0,458206,212742802.95
2017-02-17,475.15,590932,279283474.05
2017-02-20,474.4,307177,145708642.45
2017-02-21,474.4,433553,207100948.9
2017-02-22,468.2,330083,154886384.15
2017-02-23,469.9,472894,222319270.7
2017-02-27,471.15,317430,150300260.8
2017-02-28,474.3,237459,112326776.4
2017-03-01,471.95,304721,144065601.5
2017-03-02,460.3,331943,154519351.0
2017-03-03,464.6,206156,95330868.8
2017-03-06,460.25,226179,103977309.35
2017-03-07,478.7,893126,424373625.7
2017-03-08,469.25,528582,249067266.55
2017-03-09,472.65,478165,227671698.05
2017-03-10,474.8,737274,354229783.15
2017-03-14,470.85,330180,156004208.3
2017-03-15,466.55,485463,227359926.95
2017-03-16,469.75,380943,178891860.2
2017-03-17,473.45,380674,179683979.15
2017-03-20,474.1,647299,308944643.45
2017-03-21,474.85,631661,299215429.05
2017-03-22,472.3,398826,189387793.8
2017-03-23,472.2,258278,121861684.25
2017-03-24,469.55,194652,91895056.55
2017-03-27,461.3,270449,125546519.45
2017-03-28,459.95,287406,132490527.65
2017-03-29,456.1,356751,164075727.8
2017-03-30,453.2,1283279,584904120.65
2017-03-31,452.95,943227,427813887.65
2017-04-03,457.6,272242,123901929.0
2017-04-05,454.45,268694,122294122.3
2017-04-06,448.6,284329,128380318.9
2017-04-07,446.65,381172,170698062.45
2017-04-10,445.2,288309,129521112.1
2017-04-11,450.85,214915,96544687.1
2017-04-12,448.05,367185,164740610.2
2017-04-13,442.9,196268,87302597.2
2017-04-17,436.2,364513,159952667.35
2017-04-18,440.75,339930,149896926.3
2017-04-19,441.65,262065,115690800.7
2017-04-20,442.6,548187,241940817.4
2017-04-21,449.85,1945725,882604490.5
2017-04-24,450.45,373308,168017921.1
2017-04-25,470.55,973085,451857255.95
2017-04-26,478.4,1042852,500398345.4
2017-04-27,490.35,1222532,596429744.45
2017-04-28,485.3,279782,136176527.35
2017-05-02,485.45,209593,101715569.45
2017-05-03,486.05,499198,244547307.9
2017-05-04,486.6,282168,137272398.0
2017-05-05,495.95,540505,266144848.1
2017-05-08,502.85,692189,349006198.25
2017-05-09,505.1,240773,121311810.45
2017-05-10,500.65,354931,179778221.15
2017-05-11,505.75,344818,174056023.85
2017-05-12,510.6,688154,351734637.25
2017-05-15,509.45,271952,138800509.75
2017-05-16,511.3,207011,106131728.2
2017-05-17,506.35,391401,200437504.6
2017-05-18,492.9,852336,430937717.05
2017-05-19,497.5,352273,174878151.5
2017-05-22,502.35,399974,201899898.35
2017-05-23,501.15,452893,225866353.65
2017-05-24,509.95,823967,417521056.9
2017-05-25,543.9,1632427,868682873.0
2017-05-26,535.2,461613,247953805.9
2017-05-29,530.55,718355,384914121.1
2017-05-30,537.4,475566,254620399.25
2017-05-31,543.95,617800,336076783.45
2017-06-01,537.4,504801,272634250.6
2017-06-02,539.9,312022,168268100.8
2017-06-05,557.45,960839,530948103.85
2017-06-06,546.7,931646,519479225.9
2017-06-07,536.9,957153,512035924.15
2017-06-08,543.5,459527,247838052.8
2017-06-09,538.75,229279,123494625.55
2017-06-12,539.8,379066,204010845.35
2017-06-13,531.8,320855,172291144.95
2017-06-14,523.3,671432,351407049.65
2017-06-15,517.85,210643,109592788.85
2017-06-16,514.95,385256,199702494.7
2017-06-19,515.9,188878,97488450.9
2017-06-20,519.75,442425,230490111.3
2017-06-21,519.6,414457,215787296.9
2017-06-22,521.0,403163,211820055.15
2017-06-23,532.0,1238632,658793281.85
2017-06-27,526.65,699296,369910443.5
2017-06-28,531.1,336692,178221369.5
2017-06-29,528.7,2877419,1533985313.85
2017-06-30,529.0,470377,248097623.9
2017-07-03,529.05,823697,435494658.55
2017-07-04,534.4,912799,485857728.25
2017-07-05,541.8,1592847,860913064.15
2017-07-06,544.8,820255,445366595.1
2017-07-07,539.15,1034523,561821559.7
2017-07-10,529.65,81549,43225589.8
2017-07-11,524.7,499551,263505935.45
2017-07-12,514.3,609499,315924801.5
2017-07-13,513.75,429212,221209563.35
2017-07-14,514.95,692155,356397821.2
2017-07-17,514.0,819291,423604106.6
2017-07-18,508.4,462809,236088183.45
2017-07-19,506.65,1084370,554107922.7
2017-07-20,484.3,2193659,1074726916.8
2017-07-21,484.25,783117,377868220.4
2017-07-24,483.55,291492,141550963.4
2017-07-25,481.85,357817,171961482.9
2017-07-26,480.2,224292,107890090.7
2017-07-27,481.8,462695,223390930.3
2017-07-28,479.5,118353,56679006.05
2017-07-31,477.45,150644,72191931.1
2017-08-01,472.6,371419,176368459.9
2017-08-02,473.3,188148,89170151.1
2017-08-03,465.9,215576,100695910.1
2017-08-04,471.05,439102,205217474.7
2017-08-07,483.2,357082,171355877.05
2017-08-08,473.65,275869,130907105.2
2017-08-09,464.35,140954,66199261.05
2017-08-10,451.3,220211,100476761.35
2017-08-11,457.15,238168,108257618.2
2017-08-14,467.25,160503,74421797.1
2017-08-16,468.0,123268,57306655.3
2017-08-17,475.7,222738,105947662.2
2017-08-18,466.2,257169,120440442.55
2017-08-21,461.4,103305,48116370.9
2017-08-22,453.95,241643,110139867.35
2017-08-23,460.9,232458,106601737.25
2017-08-24,468.2,85512,39802754.8
2017-08-28,478.0,367103,174927010.25
2017-08-29,472.1,310572,147198333.55
2017-08-30,462.1,310351,144961187.55
2017-08-31,461.0,437018,202658911.6
2017-09-01,460.85,219330,101392621.4
2017-09-04,454.9,141380,64662131.5
2017-09-05,455.1,213952,97358609.9
2017-09-06,450.6,196333,88584444.75
2017-09-07,445.25,262010,117352751.5
2017-09-08,442.85,818456,365891370.4
2017-09-11,446.6,706177,315670672.7
2017-09-12,442.5,628471,277933150.2
2017-09-13,444.25,365175,162777145.0
2017-09-14,462.55,995789,454674540.75
2017-09-15,465.05,704455,327732918.7
2017-09-18,472.95,451015,212315376.0
2017-09-19,473.45,234782,110595850.0
2017-09-20,464.3,432822,202325973.75
2017-09-21,462.5,613293,281810595.7
2017-09-22,464.2,365550,170293818.85
2017-09-25,465.05,516584,237737797.65
2017-09-26,471.1,251415,117682886.6
2017-09-27,458.8,414942,192616562.55
2017-09-28,461.9,954583,440757745.7
2017-09-29,464.85,246685,114507844.3
2017-10-03,479.2,518751,248150321.75
2017-10-04,480.2,263337,126901599.9
2017-10-05,478.35,338782,162711831.05
2017-10-06,480.05,356652,171334569.7
2017-10-09,479.65,302548,145188563.2
2017-10-10,490.3,572305,279337719.5
2017-10-11,486.3,691937,336769895.4
2017-10-12,483.35,1094199,532902162.6
2017-10-13,484.55,264025,127775009.75
2017-10-16,494.25,762619,373848460.65
2017-10-17,504.35,1020796,513795865.3
2017-10-18,502.1,288536,144990302.4
2017-10-19,497.35,46300,23055826.3
2017-10-23,502.95,403071,202084143.75
2017-10-24,502.8,418949,212957017.0
2017-10-25,507.15,453677,229938267.3
2017-10-26,486.5,1729223,843243833.35
2017-10-27,476.35,837203,405949000.05
2017-10-30,479.55,281664,135484084.85
2017-10-31,479.65,368425,175747285.9
2017-11-01,474.75,328658,156610034.95
2017-11-02,473.85,288705,136251853.15
2017-11-03,480.95,375817,179925803.2
2017-11-06,486.8,210264,102106946.35
2017-11-07,484.55,1395626,688578627.45
2017-11-08,493.35,552329,272663784.45
2017-11-09,493.75,300417,148034291.0
2017-11-10,494.25,359259,178603199.65
2017-11-13,507.6,671685,338486325.95
2017-11-14,497.5,648526,328006520.1
2017-11-15,492.25,387896,192735993.5
2017-11-16,510.8,640819,323084849.05
2017-11-17,516.45,913262,469681126.55
2017-11-20,507.5,352455,179489165.9
2017-11-21,507.9,430898,220155427.15
2017-11-22,519.45,784393,406785211.95
2017-11-23,513.3,401262,206390033.75
2017-11-24,512.45,308781,158291380.3
2017-11-27,550.05,2660906,1434060090.4
2017-11-28,545.85,533637,290700154.05
2017-11-29,548.7,1242855,690549432.5
2017-11-30,539.2,613815,333259619.75
2017-12-01,529.9,277028,149455473.65
2017-12-04,552.75,1185727,651064347.8
2017-12-05,539.95,1371639,751570309.3
2017-12-06,539.85,549205,298392666.85
2017-12-07,556.9,700508,387441987.25
2017-12-08,546.1,2139850,1205903193.05
2017-12-11,545.85,644109,351721873.8
2017-12-12,564.45,1272972,711414859.05
2017-12-13,564.2,971881,551635447.15
2017-12-14,565.6,590777,333827363.3
2017-12-15,566.55,329791,186584403.6
2017-12-18,575.65,765389,438059761.8
2017-12-19,571.3,357364,205531850.4
2017-12-20,577.45,411708,236839404.05
2017-12-21,576.65,252372,145532740.35
2017-12-22,599.7,1462664,870829288.9
2017-12-26,598.45,614201,366865294.8
2017-12-27,611.1,910025,554619160.2
2017-12-28,613.0,1052556,651454178.15
2017-12-29,612.4,545902,333585049.75
2018-01-01,606.9,318744,194634109.05
2018-01-02,605.05,528274,319075916.95
2018-01-03,599.3,853218,517627964.5
2018-01-04,599.9,1122243,672683369.1
2018-01-05,602.3,908732,545760501.55
2018-01-08,632.65,1802300,1136866438.35
2018-01-09,626.05,422846,263218998.2
2018-01-10,623.85,854033,535296942.3
2018-01-11,621.2,1164044,731999673.45
2018-01-12,633.75,1045673,658543459.05
2018-01-15,627.5,471138,298458377.9
2018-01-16,619.75,518830,325289119.5
2018-01-17,624.85,686332,428504322.95
2018-01-18,684.15,6947714,4720256501.1
2018-01-19,702.4,2401933,1656834550.6
2018-01-22,757.35,5595004,4149078691.85
2018-01-23,762.55,2763558,2105261850.9
2018-01-24,753.45,4376579,3358327272.2
2018-01-25,749.55,1800526,1364250471.55
2018-01-29,761.95,1733599,1324365236.85
2018-01-30,764.45,1023279,783279452.4
2018-01-31,770.0,1590667,1225386278.75
2018-02-01,753.6,936000,708983789.6
2018-02-02,735.15,902642,672353527.85
2018-02-05,705.0,1709873,1197373385.95
2018-02-06,720.7,2091682,1485301172.8
2018-02-07,717.45,893481,644027734.55
2018-02-08,733.3,1430828,1054241127.1
2018-02-09,717.2,669860,482657777.75
2018-02-12,722.4,741147,535237280.95
2018-02-14,723.6,1028773,752049816.1
2018-02-15,701.6,540597,385560956.65
2018-02-16,713.2,700799,498936154.8
2018-02-19,691.55,877372,607535395.75
2018-02-20,697.8,480291,335226011.1
2018-02-21,726.15,2196558,1589153742.3
2018-02-22,740.7,1953791,1444400508.65
2018-02-23,811.9,5970601,4709426999.9
2018-02-26,801.85,4040833,3269554289.25
2018-02-27,802.7,1493764,1200217856.3
2018-02-28,815.1,2762568,2240952927.85
2018-03-01,814.05,1343617,1099362449.1
2018-03-05,859.55,4171893,3502676054.5
2018-03-06,826.1,2558913,2161084700.6
2018-03-07,831.3,2935071,2446354839.9
2018-03-08,817.2,1748332,1441638346.0
2018-03-09,813.85,1201294,982609348.75
2018-03-12,815.15,1266696,1036977583.35
2018-03-13,800.85,1627811,1315182116.45
2018-03-14,799.55,2064666,1654491410.9
2018-03-15,843.65,3644018,3018979591.75
2018-03-16,812.35,2317309,1908283753.5
2018-03-19,779.4,2165988,1700910529.4
2018-03-20,772.95,3039294,2341151922.25
2018-03-21,790.9,3525369,2809945563.9
2018-03-22,772.65,1811863,1406271404.5
2018-03-23,782.75,2566950,1982927323.6
2018-03-26,771.9,1917738,1485455180.45
2018-03-27,772.8,1188074,921926091.55
2018-03-28,771.95,1567402,1213116759.75
2018-04-02,810.2,2650454,2127057290.65
2018-04-03,800.65,979266,785020740.2
2018-04-04,779.55,997207,790134947.4
2018-04-05,805.95,1772130,1419463222.75
2018-04-06,831.7,2996695,2490769632.9
2018-04-09,822.25,2063424,1717411936.4
2018-04-10,827.75,2429594,2029286296.95
2018-04-11,829.95,1228266,1023591600.2
2018-04-12,836.4,1871051,1573787997.5
2018-04-13,852.15,3021559,2572097159.05
2018-04-16,868.85,2623973,2254802323.35
2018-04-17,882.95,2788226,2443603207.7
2018-04-18,865.1,3311973,2911793171.2
2018-04-19,897.6,5773178,5145590809.95
2018-04-20,979.85,11466392,10929110378.9
2018-04-23,1000.6,8986864,9058494220.75
2018-04-24,999.95,4012024,3985683753.1
2018-04-25,1033.7,6427671,6620844935.65
2018-04-26,1070.6,5349404,5644625698.7
2018-04-27,1050.7,2486572,2620570181.8
2018-04-30,1084.6,2842415,3090435434.85
2018-05-02,1051.65,1793498,1908480152.5
2018-05-03,1031.85,3878653,4091348077.4
2018-05-04,1010.05,3284715,3324409018.3
2018-05-07,1014.75,1298823,1322874365.7
2018-05-08,1031.3,2532266,2620137319.2
2018-05-09,1018.05,1820504,1872230563.9
2018-05-10,1016.8,1385624,1419038095.5
2018-05-11,1007.55,1512123,1525174353.45
2018-05-14,994.1,1331607,1326651390.25
2018-05-15,1001.15,1854585,1867677266.2
2018-05-16,1005.25,1049191,1054742487.7
2018-05-17,1001.7,744864,747834815.05
2018-05-18,1006.35,829188,834183034.75
2018-05-21,1029.6,2073515,2128985998.25
2018-05-22,1018.9,1342710,1373253664.2
2018-05-23,1033.9,1219984,1261623571.1
2018-05-24,1038.35,1358248,1415350831.0
2018-05-25,1023.6,1089298,1134345897.15
2018-05-28,1011.45,749223,761036388.9
2018-05-29,1018.45,1199307,1224662158.85
2018-05-30,1019.05,582903,594886534.5
2018-05-31,1007.95,1218668,1232671204.15
2018-06-01,1006.7,1293503,1302208164.7
2018-06-04,999.85,638201,638446798.45
2018-06-05,990.85,1047824,1033587852.1
2018-06-06,1013.8,1096128,1094743789.45
2018-06-07,1013.4,572990,581778803.4
2018-06-08,1028.3,875389,901377668.15
2018-06-11,1032.9,548900,565276103.35
2018-06-12,1044.0,1204328,1256609734.25
2018-06-13,1028.75,1007461,1047483577.9
2018-06-14,992.75,2227827,2217374127.85
2018-06-15,1002.5,1308496,1308512796.95
2018-06-18,991.9,641852,638496370.6
2018-06-19,984.25,906317,889023203.15
2018-06-20,996.2,987342,983933393.75
2018-06-21,989.85,1007610,1006519962.85
2018-06-22,983.85,615604,604846126.75
2018-06-25,953.2,1366241,1317215671.05
2018-06-26,967.05,2224769,2092515285.5
2018-06-27,973.15,2198459,2127296901.45
2018-06-28,953.0,1169352,1123785926.95
2018-06-29,986.9,1049747,1025393811.6
2018-07-02,991.15,964096,953600878.65
2018-07-03,1004.55,898479,893669233.4
2018-07-04,1008.25,789424,796531690.25
2018-07-05,998.7,1052202,1050464222.85
2018-07-06,993.45,733238,727125362.15
2018-07-09,1011.95,993618,994278771.35
2018-07-10,1036.3,1776116,1849331762.45
2018-07-11,1048.35,3249608,3420662845.3
2018-07-12,1076.85,2124658,2248067323.45
2018-07-13,1066.8,2359391,2528747260.95
2018-07-16,1080.65,1737976,1869640095.7
2018-07-17,1081.0,2392150,2582301422.95
2018-07-18,1061.8,3014790,3246876223.0
2018-07-19,971.15,13385207,12988663288.35
2018-07-20,976.85,5575914,5503826063.15
2018-07-23,959.7,2253510,2146052106.35
2018-07-24,970.4,2108627,2054025197.25
2018-07-25,957.4,1469299,1418223838.75
2018-07-26,947.25,1358221,1287848265.4
2018-07-27,938.05,1020257,963090046.45
2018-07-30,915.5,1340951,1234802719.5
2018-07-31,932.3,1145078,1058582216.75
2018-08-01,954.9,1316554,1250464076.5
2018-08-02,952.55,1243826,1192788848.5
2018-08-03,958.9,745682,714208976.3
2018-08-06,954.35,685670,655900951.7
2018-08-07,948.05,762140,722703551.3
2018-08-08,961.25,1108558,1066028283.45
2018-08-09,945.6,520026,492930529.2
2018-08-10,952.0,803568,767676513.65
2018-08-13,982.9,1586103,1549176984.7
2018-08-14,1009.75,1934802,1942447037.3
2018-08-16,1039.85,2437936,2533856213.6
2018-08-17,1028.9,1527741,1568799907.9
2018-08-20,1036.5,775260,800707341.4
2018-08-21,1037.8,1328197,1386281189.3
2018-08-23,1038.95,819502,850964626.65
2018-08-24,1013.3,1276706,1300612247.4
2018-08-27,1050.05,1345331,1396187851.35
2018-08-28,1038.65,1213587,1271419327.1
2018-08-29,1035.15,994497,1027672167.7
2018-08-30,1052.05,1630536,1712976631.6
2018-08-31,1114.7,2986418,3261601098.75
2018-09-03,1100.55,4400570,4993953789.55
2018-09-04,1117.95,2942441,3306941840.4
2018-09-05,1150.9,2485465,2818469281.0
2018-09-06,1158.0,1964650,2263669326.6
2018-09-07,1161.95,1670124,1942123546.05
2018-09-10,1146.65,1347238,1562847795.05
2018-09-11,1161.3,2948977,3442860081.55
2018-09-12,1146.25,1476368,1708270357.35
2018-09-14,1144.35,1073282,1218293868.95
2018-09-17,1152.3,1137183,1321018414.5
2018-09-18,1147.45,855169,982824160.65
2018-09-19,1120.35,880114,992413609.25
2018-09-21,1086.2,1606638,1753221654.65
2018-09-24,1072.9,980604,1061103315.95
2018-09-25,1086.85,794183,855724513.55
2018-09-26,1073.6,998236,1062869577.9
2018-09-27,1052.35,715041,756588788.75
2018-09-28,1033.25,1373849,1415845229.35
2018-10-01,1071.8,1384039,1471227780.2
2018-10-03,1073.35,1314309,1422032231.15
2018-10-04,1063.35,716518,763190504.35
2018-10-05,1040.65,715895,756963968.85
2018-10-08,998.35,1138316,1145755340.4
2018-10-09,1009.7,1024000,1026329532.95
2018-10-10,1005.05,771715,777069027.7
2018-10-11,980.55,1112338,1093739436.65
2018-10-12,953.25,1323286,1280752137.15
2018-10-15,980.7,907803,886562595.25
2018-10-16,984.8,919589,910788200.95
2018-10-17,977.95,1512677,1471304426.4
2018-10-19,813.9,8893142,7424441362.6
2018-10-22,802.6,5198199,4130259413.6
2018-10-23,809.4,2052512,1659985125.25
2018-10-24,805.5,2223910,1781029823.85
2018-10-25,779.7,1910519,1491044643.5
2018-10-26,770.95,1332529,1021400553.95
2018-10-29,777.7,1245731,967847063.6
2018-10-30,786.15,2220031,1736916429.35
2018-10-31,850.85,2718167,2257375004.2
2018-11-01,827.1,1200947,1002189938.3
2018-11-02,803.95,1562276,1289696476.3
2018-11-05,821.85,1363257,1109603364.25
2018-11-06,834.6,1291465,1075027869.0
2018-11-07,836.6,98291,82290730.0
2018-11-09,854.3,1432318,1223600142.25
2018-11-12,863.4,993623,853415121.75
2018-11-13,843.75,651556,553550932.45
2018-11-14,846.75,800201,672777598.25
2018-11-15,840.4,635572,535006607.5
2018-11-16,837.4,960984,806768479.95
2018-11-19,848.7,610680,517581140.6
2018-11-20,836.5,1043524,877754563.25
2018-11-21,830.4,1895611,1549333964.05
2018-11-22,828.85,1466895,1234829858.95
2018-11-26,837.1,933348,775773200.7
2018-11-27,824.1,1220238,1009984085.7
2018-11-28,874.75,2305804,1968646325.35
2018-11-29,850.1,2045062,1751474159.3
2018-11-30,876.65,1519665,1317914700.8
2018-12-03,893.45,1287294,1135112617.9
2018-12-04,885.35,1157865,1030928025.3
2018-12-05,871.15,701305,611267261.85
2018-12-06,861.3,4125356,3597338157.35
2018-12-07,867.65,1096535,944127672.5
2018-12-10,858.1,821259,704473102.45
2018-12-11,861.75,748458,646764429.35
2018-12-12,880.65,1066840,937975449.3
2018-12-13,858.8,1043497,904817134.7
2018-12-14,867.9,956017,826241192.9
2018-12-17,870.05,497718,430981850.2
2018-12-18,846.6,1634661,1385424413.2
2018-12-19,850.1,1987778,1673871882.25
2018-12-20,850.05,996549,848189114.65
2018-12-21,845.6,1601801,1368955192.5
2018-12-24,837.7,690775,583416544.8
2018-12-26,854.05,1128860,943715887.0
2018-12-27,861.85,1251109,1082557151.45
2018-12-28,864.1,420544,363225727.25
2018-12-31,864.5,317152,274752852.65
2019-01-01,863.4,399996,344498215.7
2019-01-02,860.5,892157,776640527.3
2019-01-03,834.8,908897,770806819.25
2019-01-04,815.0,3507785,2837148675.45
2019-01-07,835.35,1238344,1028123882.5
2019-01-08,821.2,943753,777398922.5
2019-01-09,823.45,1108871,919036770.1
2019-01-10,812.25,1017956,829946346.65
2019-01-11,832.0,2625463,2133990113.95
2019-01-14,853.15,2309396,1948339181.05
2019-01-15,854.5,1598604,1366511335.75
2019-01-16,841.2,2437761,2064666750.35
2019-01-17,867.85,10222282,8760163793.55
2019-01-18,887.0,4875592,4279966984.4
2019-01-21,881.75,4642387,4168684964.75
2019-01-22,921.1,3934018,3550770974.9
2019-01-23,906.55,6485855,5990140835.8
2019-01-24,910.4,2027003,1847328745.65
2019-01-25,886.1,2686280,2427941236.95
2019-01-28,868.6,2225129,1936909176.8
2019-01-29,903.6,1990949,1772915010.6
2019-01-30,890.45,1661063,1499535579.55
2019-01-31,894.05,1211981,1081482676.0
2019-02-01,899.65,803302,720357312.3
2019-02-04,889.8,1004135,895464705.55
2019-02-05,887.9,636345,566918777.85
2019-02-06,897.3,1574950,1419418900.95
2019-02-07,899.3,894663,804674652.7
2019-02-08,891.55,1367888,1230669105.1
2019-02-11,918.05,2245228,2044926103.45
2019-02-12,900.3,2255202,2044868295.4
2019-02-13,896.5,1109780,1000653748.65
2019-02-14,897.0,1021400,915824212.3
2019-02-15,895.5,786612,704839502.45
2019-02-18,868.6,980226,860400006.9
2019-02-19,887.3,2044293,1803389168.9
2019-02-20,903.95,1332001,1191321623.35
2019-02-21,898.8,1005712,901858268.2
2019-02-22,902.75,899553,811513361.3
2019-02-25,907.75,1018766,925542475.6
2019-02-26,907.25,1162090,1050687061.95
2019-02-27,898.7,1037003,936663542.9
2019-02-28,908.8,723715,653333882.3
2019-03-01,932.85,1630708,1509481430.45
2019-03-05,915.65,1251095,1149956086.05
2019-03-06,917.1,548075,503905257.6
2019-03-07,920.2,1263678,1170137380.9
2019-03-08,921.7,685000,632669835.75
2019-03-11,927.0,1046434,966635050.7
2019-03-12,917.4,1184350,1089845105.05
2019-03-13,923.9,2260365,2095253268.4
2019-03-14,950.1,2668845,2510473173.15
2019-03-15,947.4,2737367,2599732752.2
2019-03-18,962.5,2642886,2539708773.3
2019-03-19,943.3,5497681,5222845003.65
2019-03-20,950.65,3174302,3027302108.45
2019-03-22,939.0,1451306,1365474192.25
2019-03-25,940.75,971520,913179840.75
2019-03-26,950.5,2125521,2013667283.95
2019-03-27,943.15,2185188,2058627318.1
2019-03-28,941.25,772947,729663398.95
2019-03-29,944.5,1120083,1060172205.2
2019-04-01,944.95,748695,710798983.3
2019-04-02,946.65,642877,610158666.15
2019-04-03,943.8,727804,686492678.05
2019-04-04,943.5,626426,591114104.35
2019-04-05,952.95,1274179,1216490921.9
2019-04-08,957.3,1233339,1182865933.75
2019-04-09,962.2,1182333,1138901232.3
2019-04-10,970.25,2078842,2017379671.95
2019-04-11,976.65,1115408,1087953066.9
2019-04-12,975.65,456663,445404417.85
2019-04-15,979.65,792811,776789180.5
2019-04-16,972.45,672044,659382708.9
2019-04-18,968.5,2285726,2230247412.8
2019-04-22,976.2,937745,914111140.35
2019-04-23,975.4,477570,466396098.9
2019-04-24,979.4,326956,319880525.85
2019-04-25,989.4,617828,609196659.75
2019-04-26,975.85,370028,362567037.15
2019-04-30,981.25,688189,676719235.9
2019-05-02,981.4,323640,317647553.3
2019-05-03,970.2,476833,462782545.75
2019-05-06,981.75,1604808,1571472153.05
2019-05-07,979.95,1242934,1217783787.4
2019-05-08,980.5,4301316,4214603388.8
2019-05-09,980.45,3787159,3711482425.05
2019-05-10,975.35,215170,210339592.35
2019-05-13,979.1,485941,476299706.8
2019-05-14,975.2,231590,225584132.25
2019-05-15,977.05,216037,211438664.4
2019-05-16,980.35,1102886,1080496677.05
2019-05-17,981.8,576196,566932043.0
2019-05-20,980.05,296040,290676615.35
2019-05-21,980.1,228946,224693783.6
2019-05-22,981.9,383461,375528503.5
2019-05-23,979.85,592384,580401889.85
2019-05-24,980.05,2695448,2641809035.3
2019-05-27,979.6,437247,428467478.15
2019-05-28,980.1,577034,565521874.65
2019-05-29,980.1,458072,450075024.9
2019-05-30,980.1,181776,178393951.0
2019-05-31,977.9,393429,385730213.25
2019-06-03,981.25,312732,305901184.1
2019-06-04,971.8,851558,827395229.5
2019-06-06,965.15,490872,476453013.4
2019-06-07,969.55,183492,177551932.8
2019-06-10,975.5,590097,576275672.05
2019-06-11,978.55,253262,247236771.75
2019-06-12,975.0,988432,963838854.5
2019-06-13,974.8,259706,252732169.25
2019-06-14,971.1,323181,314035288.45
2019-06-17,969.2,354367,343217848.35
2019-06-18,973.1,298457,290011010.2
2019-06-19,971.55,130141,126363309.9
2019-06-20,974.5,390441,380296097.55
2019-06-21,968.5,1013113,982486488.85
2019-06-24,964.1,1108671,1067090015.7
2019-06-25,952.45,766496,730267615.25
2019-06-26,935.95,1008333,949194426.85
2019-06-27,945.5,1178194,1095270996.6
2019-06-28,927.4,571667,531442876.9
2019-07-01,903.65,576968,529028464.95
2019-07-02,912.75,678782,617196150.75
2019-07-03,905.5,810208,738077273.65
2019-07-04,899.05,613031,550822224.75
2019-07-05,888.55,388909,347764424.55
2019-07-08,769.25,6006762,4697115145.5
2019-07-09,772.45,5395733,4127584525.4
2019-07-10,758.5,1552925,1185265694.65
2019-07-11,759.45,1195034,907412103.3
2019-07-12,752.15,1181257,895539337.8
2019-07-15,759.95,668345,503025210.3
2019-07-16,748.4,901326,678008466.7
2019-07-17,750.7,1128125,848977532.35
2019-07-18,690.65,12637247,8805599771.0
2019-07-19,667.6,3987027,2743204151.0
2019-07-22,681.95,2588431,1728119552.6
2019-07-23,692.6,2322178,1610420066.6
2019-07-24,686.55,2134013,1468295044.1
2019-07-25,695.15,1343445,927351766.3
2019-07-26,689.95,1181780,815871526.35
2019-07-29,700.45,1100703,768694435.7
2019-07-30,711.75,2631156,1858947131.4
2019-07-31,716.3,1889509,1347782623.0
2019-08-01,691.95,1190224,834474585.5
2019-08-02,704.6,758317,525567280.6
2019-08-05,707.6,758207,534908196.55
2019-08-06,712.3,462628,329150104.15
2019-08-07,745.3,2440146,1820866053.85
2019-08-08,747.8,790462,586674187.7
2019-08-09,752.15,666075,499472250.4
2019-08-13,721.45,966776,700942465.25
2019-08-14,708.65,754339,532378889.7
2019-08-16,699.8,791075,548656317.45
2019-08-19,702.2,329205,232267343.05
2019-08-20,708.3,766450,547038524.55
2019-08-21,700.85,403803,284451948.3
2019-08-22,693.3,465046,321254836.75
2019-08-23,709.05,536201,377926321.1
2019-08-26,706.25,362089,255557724.25
2019-08-27,680.7,2124267,1455760086.7
2019-08-28,677.1,1276385,865225238.2
2019-08-29,687.55,655855,448797671.7
2019-08-30,688.6,1154057,783962800.0
2019-09-03,684.3,605696,419136155.95
2019-09-04,680.45,337060,229296527.5
2019-09-05,694.4,390629,270196000.75
2019-09-06,685.5,369792,255092416.45
2019-09-09,682.75,329793,224798065.2
2019-09-11,679.65,313220,212938906.95
2019-09-12,670.35,455983,307255525.65
2019-09-13,676.65,317919,214558926.15
2019-09-16,681.8,436976,297199835.8
2019-09-17,681.0,813338,557831302.1
2019-09-18,699.95,1628539,1142722185.75
2019-09-19,690.95,638031,444460210.35
2019-09-20,713.65,1144518,806621780.65
2019-09-23,722.9,1082717,779436856.1
2019-09-24,718.35,462440,333128372.1
2019-09-25,700.4,553413,391090585.2
2019-09-26,696.3,352882,247071833.3
2019-09-27,707.85,602953,426535392.4
2019-09-30,707.8,437734,307488469.65
2019-10-01,720.9,714250,513824547.1
2019-10-02,720.9,714250,513825000.0
2019-10-03,720.05,439989,316892759.95
2019-10-04,711.7,422443,301209026.6
2019-10-07,721.2,403984,290169587.8
2019-10-08,721.2,403984,290170000.0
2019-10-09,723.5,462574,333343109.2
2019-10-10,724.5,399264,290216963.95
2019-10-11,724.9,970287,708975364.35
2019-10-14,730.55,276328,201751157.1
2019-10-15,725.35,513453,373638380.75
2019-10-16,743.4,2019615,1493861153.95
2019-10-17,729.4,3357028,2443791661.15
2019-10-18,735.7,974114,715733156.6
2019-10-21,735.7,974114,715733000.0
2019-10-22,729.2,425474,311030648.45
2019-10-23,718.45,429301,310551805.55
2019-10-24,718.2,597723,427466256.65
2019-10-25,718.7,303587,216930439.55
2019-10-28,713.65,76267,54665000.0
2019-10-29,713.0,482314,344526174.25
2019-10-30,711.2,344208,244881152.6
2019-10-31,712.8,499008,356373141.35
2019-11-01,720.35,396818,284873977.15
2019-11-04,714.35,320031,230258759.85
2019-11-05,710.05,600260,424802837.1
2019-11-06,705.1,228752,161557913.15
2019-11-07,707.25,323270,227832224.75
2019-11-08,693.8,284043,198761734.6
2019-11-11,689.6,387746,267197157.7
2019-11-12,689.6,387746,267197000.0
2019-11-13,682.55,374844,256277647.9
2019-11-14,689.55,300668,205756901.25
2019-11-15,693.25,295733,205225032.85
2019-11-18,703.7,306702,214034502.1
2019-11-19,705.05,248365,175298072.65
2019-11-20,716.25,344328,245078191.65
2019-11-21,710.15,245066,175144613.55
2019-11-22,708.2,581247,407697957.8
2019-11-25,714.85,302451,214654139.1
2019-11-26,698.4,433826,305776842.25
2019-11-27,701.5,203889,143507353.45
2019-11-28,703.35,208039,146141633.55
2019-11-29,699.85,137687,96560062.7
2019-12-02,705.25,480557,340168150.9
2019-12-03,717.1,505119,359643038.0
2019-12-04,746.8,3083018,2278151287.0
2019-12-05,763.5,1830498,1382928280.5
2019-12-06,741.3,652098,489646420.55
2019-12-09,749.4,463074,345448111.85
2019-12-10,737.55,471109,348768262.05
2019-12-11,754.8,634935,475517091.7
2019-12-12,752.85,694526,522940940.0
2019-12-13,763.95,883468,673794841.5
2019-12-16,761.0,1590954,1227077905.5
2019-12-17,772.4,809136,623167122.9
2019-12-18,766.8,992906,772423115.45
2019-12-19,764.4,397268,303224005.6
2019-12-20,783.45,1360467,1062883193.8
2019-12-23,777.65,466092,363350379.1
2019-12-24,775.8,652060,505535678.3
2019-12-25,775.8,652060,505536000.0
2019-12-26,792.45,995579,783582080.65
2019-12-27,786.85,521388,411724264.2
2019-12-30,799.7,1044341,835975337.1
2019-12-31,800.15,440495,352058694.0
2020-01-01,811.75,848083,687340214.7
2020-01-02,813.75,1015807,821959505.15
2020-01-03,815.55,784180,641152487.3
2020-01-06,824.1,1419788,1172782486.05
2020-01-07,846.25,1220658,1021043457.9
2020-01-08,852.15,1210316,1029633404.15
2020-01-09,827.05,1075678,898037711.65
2020-01-10,830.85,671530,556697815.15
2020-01-13,839.9,444899,372438604.1
2020-01-14,864.35,2337565,2012301501.55
2020-01-15,887.85,8784809,7746573063.05
2020-01-16,897.6,1528769,1359873479.05
2020-01-17,883.55,910721,810459193.85
2020-01-20,892.75,651190,579182355.3
2020-01-21,897.75,725781,651965248.3
2020-01-22,906.25,1191022,1086088491.55
2020-01-23,900.75,899877,811557358.25
2020-01-24,892.75,421059,376958708.1
2020-01-27,885.05,574163,515227375.05
2020-01-28,876.0,402413,355076207.45
2020-01-29,886.55,256337,226960563.3
2020-01-30,888.1,550539,490766749.45
2020-01-31,887.9,476824,425107957.65
2020-02-03,902.75,775253,699514415.35
2020-02-04,907.6,441990,401317039.35
2020-02-05,909.75,478671,435923477.65
2020-02-06,902.35,1466545,1362914617.0
2020-02-07,921.8,721937,661148370.4
2020-02-10,920.3,535026,489511370.45
2020-02-11,926.95,491450,455095050.1
2020-02-12,922.85,326524,303072416.9
2020-02-13,936.55,411411,382327610.45
2020-02-14,959.9,1948747,1876948664.75
2020-02-17,981.95,1374753,1346258929.1
2020-02-18,997.0,1165787,1158042729.8
2020-02-19,1013.6,1152908,1165655563.4
2020-02-20,1049.5,1560504,1615402939.15
2020-02-21,1049.5,1560504,1615403000.0
2020-02-24,1015.55,586531,605056672.1
2020-02-25,1050.3,2384002,2495882318.1
2020-02-26,1029.4,1158438,1197146702.65
2020-02-27,985.7,2419428,2400899568.8
2020-02-28,944.0,1639111,1536806899.45
2020-03-02,998.1,1435593,1399305659.8
2020-03-03,989.05,1701580,1668969241.35
2020-03-04,990.5,1086975,1067318305.85
2020-03-05,961.6,732857,715951690.9
2020-03-06,977.6,962385,917452240.65
2020-03-09,905.15,1756008,1586860133.95
2020-03-10,905.15,1756008,1586860000.0
2020-03-11,891.1,897321,797259197.65
2020-03-12,816.0,693604,572500712.2
2020-03-13,859.55,534240,436557003.55
2020-03-16,831.95,808198,650036889.6
2020-03-17,853.0,807339,675965892.1
2020-03-18,804.3,889460,731547158.55
2020-03-19,720.5,841067,614432413.4
2020-03-20,842.45,1456657,1165187575.45
2020-03-23,733.9,251952,189418286.55
2020-03-24,792.05,803967,641895047.25
2020-03-25,822.2,1398998,1151771601.55
2020-03-26,837.65,903134,738629572.6
2020-03-27,825.65,477358,397901687.95
2020-03-30,846.4,605831,502331198.1
2020-03-31,828.7,380729,319885070.2
2020-04-01,753.5,963478,737442975.0
2020-04-02,753.5,963478,737443000.0
2020-04-03,701.1,854693,612359317.45
2020-04-06,701.1,854693,612359000.0
2020-04-07,735.75,589245,433073920.4
2020-04-08,732.1,731518,549385794.0
2020-04-09,733.75,493062,367321424.3
2020-04-10,733.75,493062,367321000.0
2020-04-13,739.65,518713,381582732.4
2020-04-15,771.9,829830,641599251.1
2020-04-16,776.85,780543,599103642.0
2020-04-17,752.65,555017,425823759.95
2020-04-20,783.05,853986,663865388.7
2020-04-21,736.35,437848,325366325.05
2020-04-22,731.5,455869,333062572.85
2020-04-23,765.05,813838,619560563.75
2020-04-24,780.35,1188055,917536255.25
2020-04-27,879.65,6485453,5571381274.85
2020-04-28,867.3,2345174,2067023785.6
2020-04-29,881.6,1118187,983692966.4
2020-04-30,915.95,1642403,1491509662.0
2020-05-01,915.95,1642403,1491510000.0
2020-05-04,903.4,741561,667406547.85
2020-05-05,875.3,908735,810166737.45
2020-05-06,907.85,1015427,914484341.4
2020-05-07,877.7,604269,532385609.65
2020-05-08,891.1,412180,367473314.25
2020-05-11,890.6,687687,623305833.9
2020-05-12,887.4,611235,543007444.1
2020-05-13,885.65,485533,431213471.85
2020-05-14,835.85,1296888,1108176444.6
2020-05-15,852.15,1618897,1362437473.55
2020-05-18,879.55,1593616,1387440461.65
2020-05-19,918.9,2089834,1905242781.0
2020-05-20,904.4,927321,832969361.55
2020-05-21,882.0,943859,850446718.0
2020-05-22,890.7,873409,781919669.9
2020-05-25,890.7,873409,781920000.0
2020-05-26,881.8,882171,790717962.4
2020-05-27,891.45,721522,637181354.1
2020-05-28,896.5,676213,604147911.1
2020-05-29,894.6,1274455,1155007520.0
2020-06-01,892.4,628130,565431154.1
2020-06-02,920.4,3050221,2826625990.95
2020-06-03,908.35,1627306,1502279591.7
2020-06-04,935.35,1650066,1525938779.95
2020-06-05,919.15,1207763,1120615866.55
2020-06-08,918.6,935840,862957805.65
2020-06-09,895.95,733328,669072388.6
2020-06-10,909.1,3271913,2892147371.8
2020-06-11,918.7,1505163,1376701553.85
2020-06-12,914.0,972329,882262343.0
2020-06-15,923.0,885236,814279613.75
2020-06-16,912.45,792262,732399427.55
2020-06-17,906.85,1057583,969423726.8
2020-06-18,907.4,442597,402391974.5
2020-06-19,915.1,2920769,2667866927.3
2020-06-22,909.05,636613,580240027.6
2020-06-23,928.05,1174834,1087514184.2
2020-06-24,924.4,1015314,948231351.05
2020-06-25,916.7,450485,414319964.1
2020-06-26,949.1,3477871,3351533339.65
2020-06-29,930.7,1073829,1013997133.75
2020-06-30,925.65,491535,457964488.25
2020-07-01,923.7,361582,334632514.5
2020-07-02,937.4,642773,604726741.2
2020-07-03,945.15,1284587,1226399394.7
2020-07-06,960.6,1218852,1160699375.35
2020-07-07,982.05,1401861,1371382615.7
2020-07-08,988.3,687823,680122533.05
2020-07-09,988.15,433326,429565956.35
2020-07-10,1007.95,746075,742665386.2
2020-07-13,1007.8,794007,803796375.0
2020-07-14,978.15,3269077,3257968593.95
2020-07-15,975.5,2102575,2078342863.65
2020-07-16,1008.9,1423140,1424537475.05
2020-07-17,1022.0,1809745,1859171118.0
2020-07-20,1026.8,776955,796090756.6
2020-07-21,1009.2,1023557,1044450317.9
2020-07-22,1013.1,713089,723266954.3
2020-07-23,1011.15,779618,790047411.6
2020-07-24,1021.0,1195496,1221530651.25
2020-07-27,1050.1,1991408,2075536574.55
2020-07-28,1052.05,1257174,1318879166.6
2020-07-29,1062.75,1022113,1076633162.25
2020-07-30,1083.8,2992360,3256394697.85
2020-07-31,1083.4,1518091,1661929326.25
2020-08-03,1126.95,1680133,1884854421.95
2020-08-04,1125.9,838681,940493860.9
2020-08-05,1140.3,764315,871175560.85
2020-08-06,1142.75,811333,929834844.15
2020-08-07,1152.25,919146,1046677215.2
2020-08-10,1142.2,346723,396317049.5
2020-08-11,1116.75,409791,464036205.65
2020-08-12,1133.3,565993,634293621.6
2020-08-13,1149.3,644916,737777421.05
2020-08-14,1135.95,895321,1034463318.05
2020-08-17,1163.4,897903,1046697588.65
2020-08-18,1166.75,633825,740542571.1
2020-08-19,1171.7,582924,683420672.55
2020-08-20,1174.65,385999,452113307.45
2020-08-21,1162.55,1917605,2293553823.6
2020-08-24,1153.1,501659,580804760.35
2020-08-25,1137.35,450116,512838940.65
2020-08-26,1171.75,634730,734286341.25
2020-08-27,1149.35,651181,759544670.5
2020-08-28,1184.7,1130670,1337907615.1
2020-08-31,1155.75,925995,1098272408.5
2020-09-01,1141.3,641406,746353305.35
2020-09-02,1194.15,988300,1169973643.85
2020-09-03,1205.8,3377546,4078166284.45
2020-09-04,1194.15,867108,1039722717.95
2020-09-07,1205.3,475600,570413901.25
2020-09-08,1186.95,1609432,1936029788.8
2020-09-09,1172.5,527715,622330102.5
2020-09-10,1175.7,426901,502468984.0
2020-09-11,1183.8,1355342,1622639901.3
2020-09-14,1221.7,3954771,4841713370.3
2020-09-15,1251.7,1766241,2198149647.7
2020-09-16,1260.6,1008139,1265758674.2
2020-09-17,1274.7,1460433,1854072849.7
2020-09-18,1272.5,1148673,1470893454.5
2020-09-21,1271.2,2083789,2708227563.9
2020-09-22,1307.7,1521615,1953821800.15
2020-09-23,1297.85,2679352,3495433982.35
2020-09-24,1248.15,692209,873462515.3
2020-09-25,1268.9,1178491,1495498082.65
2020-09-28,1285.75,823480,1057689870.5
2020-09-29,1323.5,2961527,3957501853.75
2020-09-30,1338.5,710769,946512208.25
2020-10-01,1336.3,642225,856476880.15
2020-10-02,1336.3,642225,856477000.0
2020-10-05,1349.45,1321223,1793497324.05
2020-10-06,1371.95,935403,1275485069.4
2020-10-07,1388.2,683537,939830906.25
2020-10-08,1461.15,6126905,9147341051.65
2020-10-09,1504.25,1609373,2392683756.75
2020-10-12,1562.35,1973673,3033987269.75
2020-10-13,1585.2,1842760,2905655817.2
2020-10-14,1551.9,2042686,3203202117.85
2020-10-15,1424.85,2530337,3764852639.55
2020-10-16,1329.15,9049480,11988992583.2
2020-10-19,1341.75,3911088,5191907031.75
2020-10-20,1426.35,2980975,4134485628.9
2020-10-21,1354.05,3483103,4885258532.1
2020-10-22,1388.35,2559077,3565328251.7
2020-10-23,1393.3,1045223,1458561164.2
2020-10-26,1391.95,2157393,3036640485.9
2020-10-27,1381.45,1862770,2534255731.95
2020-10-28,1327.25,1224858,1656998082.25
2020-10-29,1318.65,1236011,1630405707.4
2020-10-30,1327.6,1175031,1566161116.95
2020-11-02,1317.85,694560,918300518.95
2020-11-03,1317.8,792331,1049589763.3
2020-11-04,1335.25,1407272,1893519167.5
2020-11-05,1357.9,664225,901827151.8
2020-11-06,1356.7,562882,759771771.85
2020-11-09,1370.6,1283631,1760920322.7
2020-11-10,1312.0,1761388,2308117935.65
2020-11-11,1329.65,1273141,1672705570.8
2020-11-12,1342.1,741935,994009017.2
2020-11-13,1347.6,570053,764244826.8
2020-11-16,1346.05,69374,93471000.0
2020-11-17,1342.1,1060852,1435062345.55
2020-11-18,1334.3,475796,633195782.85
2020-11-19,1319.3,454114,604135708.85
2020-11-20,1357.45,1335497,1809009723.75
2020-11-23,1395.85,1213782,1680131801.05
2020-11-24,1412.15,2844679,4061783521.1
2020-11-25,1376.1,931816,1298012145.55
2020-11-26,1391.6,759889,1043966851.7
2020-11-27,1417.3,1354040,1910538301.35
2020-11-30,1417.3,1354040,1910538000.0
2020-12-01,1411.6,712194,999692979.3
2020-12-02,1414.3,672487,948151082.8
2020-12-03,1441.7,1001572,1436141103.15
2020-12-04,1437.95,734335,1055757948.3
2020-12-07,1442.7,892569,1296636128.9
2020-12-08,1452.3,1174551,1706029846.15
2020-12-09,1456.0,813977,1190632300.2
2020-12-10,1437.25,631499,908677378.5
2020-12-11,1436.75,371319,534176983.15
2020-12-14,1437.05,273214,392360738.55
2020-12-15,1468.35,695656,1013318932.35
2020-12-16,1459.5,895448,1318513260.85
2020-12-17,1452.1,573057,834561724.45
2020-12-18,1476.1,1836980,2695238097.2
2020-12-21,1427.15,1613406,2345841595.2
2020-12-22,1525.05,2779116,4139086535.9
2020-12-23,1596.1,3323625,5238987813.1
2020-12-24,1597.7,1576565,2515140067.35
2020-12-25,1597.7,1576565,2515140000.0
2020-12-28,1608.8,1168908,1883737963.0
2020-12-29,1621.75,931884,1511241031.95
2020-12-30,1629.95,903715,1468753362.1
2020-12-31,1660.35,929998,1528578763.55
2021-01-01,1659.25,579292,965248713.0
2021-01-04,1689.2,949815,1599399635.15
2021-01-05,1713.8,963468,1643333339.5
2021-01-06,1694.85,842883,1435785085.3
2021-01-07,1682.1,722553,1214825174.1
2021-01-08,1740.15,1029933,1777956652.5
2021-01-11,1762.4,1341318,2357502403.8
2021-01-12,1750.85,730391,1281566644.85
2021-01-13,1745.25,499380,873542034.35
2021-01-14,1743.75,1294936,2230766775.65
2021-01-15,1696.6,663007,1136013327.15
2021-01-18,1663.55,680532,1142092617.0
2021-01-19,1681.9,4558068,7779207514.85
2021-01-20,1782.85,3331589,5839647305.5
2021-01-21,1759.0,1971206,3514016357.0
2021-01-22,1791.3,1286297,2285711599.8
2021-01-25,1740.8,742962,1305186157.75
2021-01-26,1740.8,742962,1305186000.0
2021-01-27,1702.75,932779,1611183873.25
2021-01-28,1665.25,1038667,1766711757.35
2021-01-29,1645.15,1235120,2049832567.25
2021-02-01,1690.0,533928,886938019.75
2021-02-02,1680.85,511751,864088344.5
2021-02-03,1699.7,888655,1526379214.1
2021-02-04,1714.4,429650,737069485.3
2021-02-05,1683.75,461216,781256841.25
2021-02-08,1738.95,598278,1030602716.15
2021-02-09,1714.45,431840,747198472.3
2021-02-10,1726.8,360216,621824592.1
2021-02-11,1755.7,842246,1479989474.5
2021-02-12,1724.1,798849,1402688972.05
2021-02-15,1719.75,221753,382264445.75
2021-02-16,1686.65,545830,927702559.3
2021-02-17,1677.3,498267,843314390.95
2021-02-18,1704.35,499593,848146918.1
2021-02-19,1688.2,439216,743804254.2
2021-02-22,1614.55,515103,848591535.25
2021-02-23,1602.3,924710,1488297432.3
2021-02-24,1607.35,345422,556886817.5
2021-02-25,1604.3,620525,1010369833.3
2021-02-26,1599.75,882500,1412496394.1
2021-03-01,1634.2,565909,916230655.25
2021-03-02,1734.75,1400680,2386624046.75
2021-03-03,1746.6,719213,1252259102.1
2021-03-04,1744.1,1166360,2051399079.25
2021-03-05,1725.1,834231,1453394066.05
2021-03-08,1749.5,516867,901020807.05
2021-03-09,1796.35,732082,1293586766.95
2021-03-10,1892.45,3329555,6207916510.7
2021-03-11,1892.45,3329555,6207917000.0
2021-03-12,1871.85,1490043,2810304806.2
2021-03-15,1931.8,1875196,3574831306.0
2021-03-16,2021.4,3218199,6411513417.75
2021-03-17,1998.9,1807605,3634512348.55
2021-03-18,1969.65,1471542,2922052967.05
2021-03-19,1989.65,1841607,3655431987.0
2021-03-22,2002.15,873412,1751836951.3
2021-03-23,2006.5,816916,1646931462.95
2021-03-24,1975.35,1287620,2585873812.5
2021-03-25,1969.4,1203406,2371625519.55
2021-03-26,1979.95,677396,1345349792.1
2021-03-29,1979.95,677396,1345350000.0
2021-03-30,2130.0,2339287,4876318546.1
2021-03-31,2083.9,1808625,3752814410.75
2021-04-01,2075.95,1111247,2314529929.85
2021-04-02,2075.95,1111247,2314530000.0
2021-04-05,2088.4,1094282,2273443795.7
2021-04-06,2087.7,690951,1448975824.9
2021-04-07,2172.15,1396967,2995553196.15
2021-04-08,2217.4,1499106,3308844933.95
2021-04-09,2226.9,856365,1902702807.5
2021-04-12,2142.5,1873748,4080425187.85
2021-04-13,2050.25,1935742,3972670688.9
2021-04-14,2050.25,1935742,3972671000.0
2021-04-15,2065.3,1833728,3725165583.9
2021-04-16,2069.65,1645045,3433855398.95
2021-04-19,2092.8,5048145,10603812163.65
2021-04-20,2042.0,1456195,3021624190.6
2021-04-21,2042.0,1456195,3021624000.0
2021-04-22,2032.2,1405405,2883228630.45
2021-04-23,2018.3,771071,1570755179.55
2021-04-26,2062.4,845322,1734628817.65
2021-04-27,2054.8,651069,1346704616.35
2021-04-28,2129.35,1195905,2519901695.9
2021-04-29,2097.8,567333,1201360647.4
2021-04-30,2106.0,593831,1257172970.5
2021-05-03,2117.8,388869,819933492.05
2021-05-04,2115.6,785642,1680934584.65
2021-05-05,2166.55,797084,1722402690.7
2021-05-06,2248.35,2728483,6122488848.6
2021-05-07,2220.7,1013318,2277751666.4
2021-05-10,2232.1,816452,1802772858.75
2021-05-11,2200.9,420184,925772933.95
2021-05-12,2164.25,435140,950087635.35
2021-05-13,2164.25,435140,950088000.0
2021-05-14,2105.5,511646,1087093437.15
2021-05-17,2077.35,589049,1227545288.35
2021-05-18,2089.95,1163634,2445103096.05
2021-05-19,2084.75,836190,1755158909.95
2021-05-20,2094.1,654522,1372528889.75
2021-05-21,2122.7,968443,2042643309.25
2021-05-24,2136.7,659029,1408201670.35
2021-05-25,2171.8,683155,1482264218.35
2021-05-26,2207.35,768155,1682638796.75
2021-05-27,2310.25,3644886,8403330495.5
2021-05-28,2355.6,1542961,3603252152.65
2021-05-31,2394.35,1590758,3792301929.0
2021-06-01,2418.3,710768,1707009075.05
2021-06-02,2387.3,947744,2245731149.25
2021-06-03,2371.05,432182,1025588932.65
2021-06-04,2369.95,533219,1268673390.5
2021-06-07,2407.7,458288,1098688477.15
2021-06-08,2441.15,1457271,3555889993.2
2021-06-09,2419.2,622079,1519857840.15
2021-06-10,2439.0,294721,717739155.8
2021-06-11,2453.65,694451,1712759143.1
2021-06-14,2467.7,420525,1033813217.1
2021-06-15,2469.7,273589,676938443.95
2021-06-16,2466.65,354244,873589198.95
2021-06-17,2477.45,511391,1268848515.6
2021-06-18,2472.0,668819,1662609885.45
2021-06-21,2487.95,254061,627276546.7
2021-06-22,2480.65,263169,656296052.7
2021-06-23,2480.65,246387,613628640.35
2021-06-24,2532.7,809134,2041821009.25
2021-06-25,2552.85,558113,1419790404.75
2021-06-28,2551.5,360267,915793124.15
2021-06-29,2581.8,463308,1192817290.35
2021-06-30,2600.5,617163,1605474335.25
2021-07-01,2581.05,323771,836963418.85
2021-07-02,2583.1,373108,957762999.55
2021-07-05,2556.1,364935,938451797.1
2021-07-06,2541.8,311818,795539564.4
2021-07-07,2549.6,436797,1108081197.55
2021-07-08,2522.7,359535,908224823.65
2021-07-09,2535.75,704294,1790363280.45
2021-07-12,2497.1,384241,967246233.9
2021-07-13,2495.7,622640,1546131355.3
2021-07-14,2703.05,8325238,22304700970.3
2021-07-15,2732.1,2215615,6024861989.3
2021-07-16,2736.2,746375,2037521640.15
2021-07-19,2729.65,1038483,2852525981.9
2021-07-20,2762.95,1071239,2942333110.7
2021-07-21,2762.95,1071239,2942333000.0
2021-07-22,2758.8,553160,1524047589.95
2021-07-23,2721.25,718806,1973662259.85
2021-07-26,2721.3,406600,1111411693.4
2021-07-27,2713.9,276385,752324964.4
2021-07-28,2708.8,305422,824224079.45
2021-07-29,2795.5,813518,2257940640.35
2021-07-30,2865.2,1595656,4604960165.7
2021-08-02,2894.2,317319,912364385.4
2021-08-03,2884.1,301517,872929791.85
2021-08-04,2830.2,439060,1250295422.1
2021-08-05,2834.55,748211,2147824430.45
2021-08-06,2841.7,279254,794187961.9
2021-08-09,2811.5,319617,902093017.8
2021-08-10,2797.75,385098,1085107308.2
2021-08-11,2804.55,369936,1031842241.7
2021-08-12,2925.7,1187926,3434459332.4
2021-08-13,2920.95,564006,1652316878.1
2021-08-16,2905.35,726883,2137903847.9
2021-08-17,3017.3,1172628,3500073617.15
2021-08-18,3196.3,3128081,9920408992.5
2021-08-19,3196.3,3128081,9920409000.0
2021-08-20,3345.05,4092939,13660007858.2
2021-08-23,3500.7,3191119,11080199367.25
2021-08-24,3500.45,2927125,10249146891.25
2021-08-25,3509.3,1315371,4627641957.8
2021-08-26,3494.95,1027431,3601391118.2
2021-08-27,3643.05,2760019,9972698530.9
2021-08-30,3600.25,1092305,3945836998.15
2021-08-31,3627.25,1026256,3724056595.85
2021-09-01,3601.15,821772,2969503827.1
2021-09-02,3742.4,1996771,7366280651.35
2021-09-03,3773.45,1169082,4375417892.9
2021-09-06,3821.7,859123,3272306909.5
2021-09-07,3795.75,715895,2728515396.0
2021-09-08,3750.1,722971,2720878851.05
2021-09-09,3764.8,697166,2617919630.45
2021-09-10,3764.8,697166,2617920000.0
2021-09-13,3935.05,1941360,7546358511.7
2021-09-14,3936.0,858856,3383467695.95
2021-09-15,4116.65,1986693,8115537018.2
2021-09-16,4180.35,1444786,6036174425.2
2021-09-17,4184.2,1245301,5230354908.15
2021-09-20,4124.25,1026176,4320870379.85
2021-09-21,4353.8,1615920,6875743941.65
2021-09-22,4523.0,2352893,10607604471.5
2021-09-23,4553.8,1096499,4986388860.2
2021-09-24,4601.0,2047220,9525739642.3
2021-09-27,4347.25,2034567,8986374478.8
2021-09-28,4207.9,2040645,8626156956.65
2021-09-29,4231.9,2064426,8753079449.95
2021-09-30,4200.1,1175517,4976176640.55
2021-10-01,4184.6,700583,2939069211.35
2021-10-04,4253.0,760651,3215413776.95
2021-10-05,4285.1,1162680,4940256742.4
2021-10-06,4172.5,785681,3311035373.3
2021-10-07,4259.2,982009,4194915966.35
2021-10-08,4454.6,2292238,10179018695.7
2021-10-11,4275.6,1333799,5717563246.25
2021-10-12,4265.4,1013237,4318850411.05
2021-10-13,4363.85,833844,3603649299.25
2021-10-14,4691.2,7595939,36124684156.35
2021-10-15,4691.2,7595939,36124684000.0
2021-10-18,4706.4,1204327,5690413723.25
2021-10-19,4747.55,1861694,8985797142.05
2021-10-20,4779.95,1868316,8940609685.55
2021-10-21,4475.4,3235137,14479126811.8
2021-10-22,4534.3,1865012,8464352714.25
2021-10-25,4433.3,1488805,6486199145.4
2021-10-26,4550.9,899783,4076265750.85
2021-10-27,4581.6,804383,3688730828.85
2021-10-28,4513.9,643862,2916773187.3
2021-10-29,4492.4,1468401,6777816901.55
2021-11-01,4733.7,1255558,5845177037.65
2021-11-02,4711.25,781435,3689076113.2
2021-11-03,4628.3,685550,3187687955.05
2021-11-04,4665.8,85995,401454382.4
2021-11-05,4665.8,85995,401454000.0
2021-11-08,4829.7,1273309,6109126507.4
2021-11-09,4815.5,1325168,6466111571.45
2021-11-10,4831.45,659274,3171373540.65
2021-11-11,4888.05,775397,3738646561.7
2021-11-12,4914.1,1133014,5553819255.25
2021-11-15,4931.45,582609,2869452007.7
2021-11-16,4958.15,1026088,5112973250.45
2021-11-17,4988.95,910296,4512937693.45
2021-11-18,4839.4,1213381,5977437576.2
2021-11-19,4839.4,1213381,5977438000.0
2021-11-22,4754.05,1008041,4826691365.55
2021-11-23,4831.1,937267,4491467894.9
2021-11-24,4664.6,847127,4057284779.1
2021-11-25,4737.3,996494,4721770038.95
2021-11-26,4454.75,1287611,5837675898.5
2021-11-29,4445.05,1106108,4893800628.15
2021-11-30,4328.55,8917462,38989722665.85
2021-12-01,4375.05,773643,3379163346.5
2021-12-02,4516.05,1162171,5165591345.0
2021-12-03,4476.6,602323,2707912407.7
2021-12-06,4391.0,527665,2337061557.6
2021-12-07,4450.2,750411,3293652355.5
2021-12-08,4642.9,960272,4415846249.65
2021-12-09,4612.1,599469,2767030176.15
2021-12-10,4576.55,536455,2447642804.25
2021-12-13,4597.9,666368,3103046144.95
2021-12-14,4625.55,555346,2552240536.2
2021-12-15,4547.35,465488,2125227780.85
2021-12-16,4591.05,458659,2110119709.35
2021-12-17,4587.7,918135,4255391631.15
2021-12-20,4304.7,972608,4235081673.45
2021-12-21,4432.15,819314,3628223615.6
2021-12-22,4533.6,476829,2146987735.4
2021-12-23,4592.25,531536,2439518720.15
2021-12-24,4621.05,588911,2714631913.75
2021-12-27,4634.6,497738,2293774699.5
2021-12-28,4669.4,432020,2019931828.9
2021-12-29,4649.85,312254,1452492700.05
2021-12-30,4733.6,686359,3232666537.5
2021-12-31,4780.0,536817,2557188570.05
2022-01-03,4842.05,470763,2277065133.15
2022-01-04,4777.7,574468,2741783141.3
2022-01-05,4688.25,637999,2994686143.35
2022-01-06,4611.6,652846,3003395822.0
2022-01-07,4601.05,427054,1976610138.25
2022-01-10,4556.25,548383,2504489981.7
2022-01-11,4583.55,463903,2128744537.9
2022-01-12,4635.95,358478,1651323968.0
2022-01-13,4744.1,1105341,5183056540.5
2022-01-14,4547.95,2519236,11425682347.4
2022-01-17,4511.9,808196,3654910491.25
2022-01-18,4343.7,855491,3781015144.5
2022-01-19,4226.2,982665,4183986253.15
2022-01-20,4251.05,1093358,4651432972.45
2022-01-21,4118.85,745340,3116644283.35
2022-01-24,3888.95,1043403,4104670178.8
2022-01-25,3827.2,1272983,4841248409.65
2022-01-26,3827.2,1272983,4841248000.0
2022-01-27,3585.2,1469949,5325399366.7
2022-01-28,3724.2,1446671,5445057402.25
2022-01-31,4006.3,1688744,6697112804.9
2022-02-01,3983.7,1193072,4765970972.45
2022-02-02,4066.1,602678,2434914439.7
2022-02-03,3913.1,608593,2411173863.7
2022-02-04,3965.85,606538,2389491657.6
2022-02-07,3870.05,452237,1770065550.7
2022-02-08,3884.5,528879,2057324103.8
2022-02-09,3993.3,605069,2413514263.65
2022-02-10,4029.55,377038,1511983662.55
2022-02-11,3869.65,860200,3334027466.1
2022-02-14,3776.45,662936,2508090706.7
2022-02-15,3967.95,718004,2785503377.55
2022-02-16,3892.2,535405,2106595767.95
2022-02-17,3859.45,381563,1477118652.3
2022-02-18,3797.0,378265,1451404016.65
2022-02-21,3847.95,562328,2139233733.85
2022-02-22,3821.35,627281,2375648558.55
2022-02-23,3801.8,517241,1977980575.55
2022-02-24,3565.9,1036474,3751750110.3
2022-02-25,3783.9,805773,3002548447.8
2022-02-28,3881.2,665332,2534917756.55
2022-03-01,3881.2,665332,2534918000.0
2022-03-02,3911.85,560643,2185502251.4
2022-03-03,3955.3,626544,2494712910.6
2022-03-04,3884.6,654585,2541485628.5
2022-03-07,3858.85,510090,1957130389.4
2022-03-08,3996.75,832829,3305117652.3
2022-03-09,4133.8,916944,3757998279.7
2022-03-10,4088.6,683436,2818353875.6
2022-03-11,4088.0,626688,2536131225.1
2022-03-14,4125.05,509679,2101891753.75
2022-03-15,3884.15,813173,3237384500.95
2022-03-16,3948.75,845286,3319908536.7
2022-03-17,3986.85,681280,2742893608.85
2022-03-18,3986.85,681280,2742894000.0
2022-03-21,3975.95,593894,2370649477.7
2022-03-22,4034.4,422680,1695570733.0
2022-03-23,4102.6,681813,2794130311.85
2022-03-24,4277.5,1077491,4520044641.45
2022-03-25,4281.35,711241,3049691337.9
2022-03-28,4232.75,399268,1691081195.25
2022-03-29,4250.95,440523,1874168728.5
2022-03-30,4407.8,1358688,5939143328.65
2022-03-31,4302.9,547471,2389476512.35
2022-04-01,4242.8,602041,2569089082.25
2022-04-04,4315.7,464198,1992404488.75
2022-04-05,4389.5,497864,2184910227.15
2022-04-06,4338.55,470923,2050283850.15
2022-04-07,4271.05,405076,1742116131.05
2022-04-08,4303.2,428684,1838869605.45
2022-04-11,4232.4,431943,1831495959.4
2022-04-12,4060.45,787375,3222222849.7
2022-04-13,4098.95,456143,1864463423.5
2022-04-14,4098.95,456143,1864463000.0
2022-04-15,4098.95,456143,1864463000.0
2022-04-18,3957.5,2067030,8102640351.6
2022-04-19,3635.65,3311835,12662573353.75
2022-04-20,3668.35,1664742,6107866658.65
2022-04-21,3737.5,522382,1937808144.3
2022-04-22,3871.3,1704417,6555540714.15
2022-04-25,3722.55,783283,2919193785.2
2022-04-26,3699.4,564524,2102057326.8
2022-04-27,3538.35,1152323,4107038092.6
2022-04-28,3606.2,1103098,3915096647.35
2022-04-29,3552.15,1100701,3934596962.55
2022-05-02,3480.0,786602,2713234611.95
2022-05-03,3480.0,786602,2713235000.0
2022-05-04,3469.05,448152,1567763039.5
2022-05-05,3510.45,341493,1200018279.45
2022-05-06,3373.8,1075654,3610717825.8
2022-05-09,3195.1,1562520,5114110076.75
2022-05-10,3089.4,743704,2346741904.4
2022-05-11,3043.35,996850,3037164429.05
2022-05-12,2954.95,1147473,3419811735.0
2022-05-13,2938.95,757233,2263816964.65
2022-05-16,2938.75,617469,1819001234.4
2022-05-17,3070.85,598501,1809295364.25
2022-05-18,3026.15,1204964,3697017791.5
2022-05-19,2845.75,1177993,3385671433.25
2022-05-20,2899.85,701971,2030057392.55
2022-05-23,2971.4,587593,1738231619.05
2022-05-24,2896.95,669315,1945119734.6
2022-05-25,2742.45,1245129,3447740382.95
2022-05-26,2748.6,846931,2304639810.2
2022-05-27,2866.4,878388,2493952846.15
2022-05-30,3007.4,714870,2140909079.4
2022-05-31,3047.65,965340,2932354954.65
2022-06-01,3003.55,511770,1547382922.2
2022-06-02,3061.0,509508,1555222831.75
2022-06-03,3081.9,856044,2682179633.4
2022-06-06,3072.6,435287,1318758738.5
2022-06-07,3033.6,336309,1022102449.0
2022-06-08,3063.0,381830,1168916546.85
2022-06-09,3114.6,277545,855044763.6
2022-06-10,3062.25,334366,1022840906.4
2022-06-13,2881.85,575600,1677489516.8
2022-06-14,2922.0,666906,1952148284.6
2022-06-15,2929.25,249157,732219984.65
2022-06-16,2814.8,454194,1310793081.9
2022-06-17,2780.35,621633,1731779216.05
2022-06-20,2756.95,443821,1219597952.1
2022-06-21,2882.3,459162,1312079020.0
2022-06-22,2796.5,287270,810699343.7
2022-06-23,2916.0,418581,1201055645.3
2022-06-24,2831.9,725333,2074662392.45
2022-06-27,2958.55,727258,2136295044.5
2022-06-28,3027.05,617916,1834531010.4
2022-06-29,2946.7,1126201,3354337880.2
2022-06-30,2887.05,855551,2507573383.15
2022-07-01,2883.35,582730,1666777676.0
2022-07-04,2861.65,394278,1126902127.55
2022-07-05,2818.1,486434,1388117658.95
2022-07-06,2861.3,378083,1076838092.05
2022-07-07,2879.0,464523,1344334256.65
2022-07-08,2889.75,507791,1471671939.95
2022-07-11,2813.5,574216,1609463833.75
2022-07-12,2853.7,824514,2354851065.65
2022-07-13,2900.6,1120124,3233587354.6
2022-07-14,2786.5,3012407,8488303877.6
2022-07-15,2828.95,1553781,4373301567.75
2022-07-18,2966.3,1064220,3111192243.65
2022-07-19,3040.1,1180322,3567573285.5
2022-07-20,3149.15,1113818,3471720546.6
2022-07-21,3214.25,1048253,3334248237.2
2022-07-22,3181.85,682335,2177152444.6
2022-07-25,3191.9,427172,1360613061.6
2022-07-26,3046.55,811635,2506102823.8
2022-07-27,3136.85,660951,2040511125.45
2022-07-28,3325.4,1927775,6341129143.15
2022-07-29,3413.5,1511689,5170881099.2
2022-08-01,3430.25,579699,1983022768.35
2022-08-02,3384.25,656722,2229170807.8
2022-08-03,3434.95,973214,3341387773.85
2022-08-04,3531.75,1234161,4331135828.95
2022-08-05,3565.65,700893,2491213010.8
2022-08-08,3530.25,378571,1339804069.5
2022-08-10,3500.1,420155,1465433279.8
2022-08-11,3623.1,758425,2737958429.55
2022-08-12,3534.8,511560,1822622691.9
2022-08-15,3534.8,511560,1822623000.0
2022-08-16,3528.4,399083,1411554320.25
2022-08-17,3558.65,460578,1642270080.2
2022-08-18,3533.35,447708,1573463058.9
2022-08-19,3520.7,923320,3301423215.65
2022-08-22,3381.6,513326,1754923943.05
2022-08-23,3331.75,653820,2171177698.65
2022-08-24,3331.45,328959,1095990962.35
2022-08-25,3301.75,428817,1430346335.7
2022-08-26,3319.3,395154,1323669730.2
2022-08-29,3176.6,665429,2113828493.6
2022-08-30,3306.5,997448,3271321996.7
2022-08-31,3306.5,997448,3271322000.0
2022-09-01,3227.05,451072,1459671271.85
2022-09-02,3210.3,362440,1172647945.6
2022-09-05,3203.65,308821,991842549.3
2022-09-06,3187.15,364272,1163067277.1
2022-09-07,3211.0,380110,1211913413.6
2022-09-08,3211.65,414410,1340336553.15
2022-09-09,3309.45,611534,2002461965.35
2022-09-12,3392.45,696388,2356262328.8
2022-09-13,3371.75,436676,1474219763.6
2022-09-14,3276.5,715473,2337032926.2
2022-09-15,3266.15,368062,1197521105.4
2022-09-16,3111.05,659935,2085598219.85
2022-09-19,3112.15,588676,1823946695.55
2022-09-20,3132.55,525609,1664186894.3
2022-09-21,3152.35,401513,1269689801.6
2022-09-22,3168.15,339234,1071510878.65
2022-09-23,3148.2,658513,2104386477.5
2022-09-26,3136.0,571256,1790590362.9
2022-09-27,3248.0,845309,2709045705.6
2022-09-28,3191.5,666264,2151086020.05
2022-09-29,3089.2,1781719,5538951748.45
2022-09-30,3159.15,974731,2993977724.65
2022-10-03,3119.65,484170,1514965979.95
2022-10-04,3246.5,668584,2156805121.0
2022-10-05,3246.5,668584,2156805000.0
2022-10-06,3302.45,552995,1816150139.85
2022-10-07,3277.0,417784,1370933938.25
2022-10-10,3348.0,675466,2220358720.25
2022-10-11,3310.4,1178975,3973314627.3
2022-10-12,3346.1,476244,1581781710.2
2022-10-13,3323.65,413243,1367644110.3
2022-10-14,3379.75,2344646,8004594181.5
2022-10-17,3331.25,582283,1937073005.3
2022-10-18,3420.1,747408,2550754216.7
2022-10-19,3404.45,334522,1139758622.55
2022-10-20,3456.7,379004,1298247698.1
2022-10-21,3436.45,349439,1202933014.5
2022-10-24,3422.8,73559,252697986.7
2022-10-25,3465.35,520462,1799904932.05
2022-10-26,3465.35,520462,1799905000.0
2022-10-27,3358.7,647362,2190148827.45
2022-10-28,3283.35,499305,1649199217.35
2022-10-31,3403.75,550939,1864926459.0
2022-11-01,3508.7,508109,1761061836.2
2022-11-02,3501.25,499218,1748122236.45
2022-11-03,3497.95,284542,990274038.65
2022-11-04,3468.6,256183,886327362.4
2022-11-07,3505.4,226992,792911917.7
2022-11-08,3505.4,226992,792912000.0
2022-11-09,3484.0,283254,993324991.55
2022-11-10,3479.8,220375,768913939.7
2022-11-11,3664.4,1279876,4659635101.3
2022-11-14,3766.75,1136773,4267876938.95
2022-11-15,3711.35,1639217,6177676806.1
2022-11-16,3633.25,726508,2675355055.9
2022-11-17,3540.6,890088,3142919010.35
2022-11-18,3506.15,745188,2611805964.45
2022-11-21,3429.0,988507,3406918831.9
2022-11-22,3433.85,1004872,3435639830.25
