date,desc,text
30-Jun-2026 16:36:31,General Updates,Signatureglobal (India) Limited has informed the Exchange about approval of Members for appointment of Mr. Bharat Bhushan as an Independent Director of the Company
30-Jun-2026 16:25:43,Shareholders meeting,"Signatureglobal (India) Limited has submitted the Exchange a copy Srutinizers report of  Postal Ballot. Further, the company has informed the Exchange regarding voting results."
26-Jun-2026 17:34:34,Trading Window,"Signatureglobal (India) Limited has informed the Exchange regarding the Trading Window closure pursuant to SEBI (Prohibition of Insider Trading) Regulations, 2015"
24-Jun-2026 15:14:26,ESOP/ESOS/ESPS,Signatureglobal (India) Limited has informed the Exchange regarding Allotment of 175335  Shares.
24-Jun-2026 11:28:53,Disclosure under SEBI Takeover Regulations,"Pradeep Kumar Aggarwal, Lalit Kumar Aggarwal, Ravi Aggarwal, Devendra Aggarwal, Pradeep Kumar Aggarwal For Sarvpriya Securities Pvt Ltd has Submitted to the Exchange a copy of Disclosure under Regulat"
30-May-2026 15:08:16,Copy of Newspaper Publication,Signatureglobal (India) Limited has informed the Exchange about Copy of Newspaper Publication
29-May-2026 18:46:08,Shareholders meeting,Signatureglobal (India) Limited has informed the Exchange regarding Notice of Postal Ballot
21-May-2026 19:16:23,Analysts/Institutional Investor Meet/Con. Call Updates,Signatureglobal (India) Limited has informed the Exchange about Transcript
15-May-2026 17:10:03,Copy of Newspaper Publication,Signatureglobal (India) Limited has informed the Exchange about Copy of Newspaper Publication
14-May-2026 18:34:41,Analysts/Institutional Investor Meet/Con. Call Updates,Signatureglobal (India) Limited has informed the Exchange about Link of Recording
13-May-2026 20:54:52,Investor Presentation,Signatureglobal (India) Limited has informed the Exchange about Investor Presentation
13-May-2026 20:44:37,Press Release,"Signatureglobal (India) Limited has informed the Exchange regarding a press release dated May 13, 2026, titled ""Signature Global FY26 Net Profit Surges to INR 10.9 Billion; Revenue Rises to INR 26.0 B"
13-May-2026 20:39:28,Updates,Signatureglobal (India) Limited has informed the Exchange regarding 'Key Financial & Operational Updates for Q4FY26 & FY26'.
13-May-2026 20:23:18,Change in Director(s),Signatureglobal (India) Limited has informed the Exchange regarding Change in Director(s) of the company.
13-May-2026 20:21:48,Change in Auditors,Signatureglobal (India) Limited has informed the Exchange regarding Change in Auditors of the company.
13-May-2026 20:09:20,Outcome of Board Meeting,"Signatureglobal (India) Limited has submitted to the Exchange, the financial results for the period ended March 31, 2026."
09-May-2026 15:37:12,Analysts/Institutional Investor Meet/Con. Call Updates,Signatureglobal (India) Limited has informed the Exchange about Schedule of meet
01-May-2026 15:07:28,General Updates,Signatureglobal (India) Limited has informed the Exchange about revision in ESG Rating
24-Apr-2026 21:14:29,Updates,Signatureglobal (India) Limited has informed the Exchange regarding 'Execution of two sale deeds'.
20-Apr-2026 15:49:52,"Certificate under SEBI (Depositories and Participants) Regulations, 2018","Signatureglobal (India) Limited has informed the Exchange about Certificate under SEBI (Depositories and Participants) Regulations, 2018"
16-Apr-2026 11:28:06,Press Release,"Signatureglobal (India) Limited has informed the Exchange regarding a press release dated April 16, 2026, titled ""SIGNATURE GLOBAL AND TONINO LAMBORGHINI ANNOUNCE THE NEW LUXURY BRANDED RESIDENTIAL PR"
16-Apr-2026 11:18:14,"Arrangements for strategic, technical, manufacturing, or marketing tie up",Signatureglobal (India) Limited has informed the Exchange about Strategic collaboration with Tonino Lamborghini
08-Apr-2026 21:42:58,Press Release,"Signatureglobal (India) Limited has informed the Exchange regarding a press release dated April 08, 2026, titled ""Signature Global Cuts Net Debt by 77% to INR 2.0 Billion in FY26; Achieves Pre-Sales o"
08-Apr-2026 21:34:27,Updates,Signatureglobal (India) Limited has informed the Exchange regarding 'Key Operational updates for Q4FY26 and FY26'.
30-Mar-2026 22:02:45,Press Release,"Signatureglobal (India) Limited has informed the Exchange regarding a press release dated March 30, 2026, titled ""Signature Global partners with RMZ to dilute 50% stake in a subsidiary (GCL) for comme"
30-Mar-2026 21:57:36,General Updates,Signatureglobal (India) Limited has informed the Exchange about Update on the Completion of Transaction
29-Mar-2026 21:47:12,General Updates,Signatureglobal (India) Limited has informed the Exchange about General Updates
29-Mar-2026 21:44:29,Agreements,Signatureglobal (India) Limited has informed the Exchange about Outcome of Board Meeting
26-Mar-2026 14:50:09,Trading Window,"Signatureglobal (India) Limited has informed the Exchange regarding the Trading Window closure pursuant to SEBI (Prohibition of Insider Trading) Regulations, 2015"
23-Mar-2026 20:13:25,General Updates,Signatureglobal (India) Limited has informed the Exchange about Update on the Expected date of Completion of Sale/ Disposal
11-Mar-2026 19:10:30,General Updates,Signatureglobal (India) Limited has informed the Exchange about receipt of an ESG score of 65.8 for the Financial Year 2024-25 from SES ESG Research Private Limited
21-Feb-2026 15:15:28,General Updates,Signatureglobal (India) Limited has informed the Exchange about receipt of ESG Rating of 70 for the Financial Year 2024-25 from NSE Sustainability Ratings & Analytics Limited
18-Feb-2026 20:46:21,Demise,"Signatureglobal (India) Limited has informed the Exchange regarding Demise of Mr Kundan Mal Agarwal, Non- Executive Independent Director of the company on Tuesday night, February 17, 2026."
17-Feb-2026 19:51:30,General Updates,"Signatureglobal (India) Limited has informed the Exchange about disclosure regarding Business Update Conference Call held today i.e. 17th February, 2026"
14-Feb-2026 19:49:52,Analysts/Institutional Investor Meet/Con. Call Updates,Signatureglobal (India) Limited has informed the Exchange about Schedule of meet
14-Feb-2026 12:12:08,Press Release,"Signatureglobal (India) Limited has informed the Exchange regarding a press release dated February 14, 2026, titled "" Signature Global Enters Large-Scale Commercial Development; RMZ to Acquire 50% Sta"
14-Feb-2026 11:43:35,Sale or disposal,Signatureglobal (India) Limited has informed the Exchange about Sale or disposal
14-Feb-2026 11:40:43,Agreements,Signatureglobal (India) Limited has informed the Exchange about Agreements- Outcome of Board Meeting
11-Feb-2026 13:23:32,Analysts/Institutional Investor Meet/Con. Call Updates,Signatureglobal (India) Limited has informed the Exchange about Transcript
05-Feb-2026 13:21:56,Copy of Newspaper Publication,Signatureglobal (India) Limited has informed the Exchange about Copy of Newspaper Publication
04-Feb-2026 17:14:48,Analysts/Institutional Investor Meet/Con. Call Updates,Signatureglobal (India) Limited has informed the Exchange about Link of Recording
03-Feb-2026 20:04:08,Investor Presentation,Signatureglobal (India) Limited has informed the Exchange about Investor Presentation
03-Feb-2026 19:38:45,Press Release,"Signatureglobal (India) Limited has informed the Exchange regarding a press release dated February 03, 2026, titled ""Signature Global Reports Revenue of INR 14.9 Billion in 9MFY26; Collections Stands "
03-Feb-2026 19:30:57,General Updates,Signatureglobal (India) Limited has informed the Exchange about Key Operational and Financial Updates for 9MFY26 and Q3FY26
03-Feb-2026 18:55:41,Outcome of Board Meeting,"Signatureglobal (India) Limited has submitted to the Exchange, the financial results for the period ended December 31, 2025."
01-Feb-2026 17:49:22,Analysts/Institutional Investor Meet/Con. Call Updates,Signatureglobal (India) Limited has informed the Exchange about Schedule of meet
14-Jan-2026 13:44:41,"Certificate under SEBI (Depositories and Participants) Regulations, 2018","Signatureglobal (India) Limited has informed the Exchange about Certificate under SEBI (Depositories and Participants) Regulations, 2018"
11-Jan-2026 18:34:24,Updates,Signatureglobal (India) Limited has informed the Exchange regarding 'Updated Key Operational for Q3 FY26'.
11-Jan-2026 09:53:25,Press Release,"Signatureglobal (India) Limited has informed the Exchange regarding a press release dated January 11, 2026, titled ""Signature Global Reports Pre-Sales of INR 66.8 Billion in 9M FY26""."
11-Jan-2026 09:48:21,Updates,Signatureglobal (India) Limited has informed the Exchange regarding 'Key Operational Update for Q3 FY26'.
09-Jan-2026 11:06:40,Spurt in Volume,"Significant increase in volume has been observed in Signatureglobal (India) Limited. The Exchange, in order to ensure that investors have latest relevant information about the company and to inform th"
08-Jan-2026 18:02:32,Spurt in Volume,"Significant increase in volume has been observed in Signatureglobal (India) Limited. The Exchange, in order to ensure that investors have latest relevant information about the company and to inform th"
30-Dec-2025 19:52:52,Agreements,Signatureglobal (India) Limited has informed the Exchange about Execution of Sale Deed
29-Dec-2025 18:05:17,Trading Window,"Signatureglobal (India) Limited has informed the Exchange regarding the Trading Window closure pursuant to SEBI (Prohibition of Insider Trading) Regulations, 2015"
17-Nov-2025 19:50:05,Analysts/Institutional Investor Meet/Con. Call Updates,Signatureglobal (India) Limited has informed the Exchange about Transcript
10-Nov-2025 19:48:38,Analysts/Institutional Investor Meet/Con. Call Updates,Signatureglobal (India) Limited has informed the Exchange about Link of Recording
10-Nov-2025 14:44:59,Copy of Newspaper Publication,Signatureglobal (India) Limited has informed the Exchange about Copy of Newspaper Publication
07-Nov-2025 20:44:00,Investor Presentation,Signatureglobal (India) Limited has informed the Exchange about Investor Presentation
07-Nov-2025 17:43:09,Updates,Signatureglobal (India) Limited has informed the Exchange regarding 'Key Operational updates for H1FY26 and Q2FY26'.
07-Nov-2025 17:24:15,Press Release,"Signatureglobal (India) Limited has informed the Exchange regarding a press release dated November 07, 2025, titled ""Signature Global Reports INR 12.0 Billion revenue & INR 18.6 Billion Collections in"
07-Nov-2025 17:00:18,Outcome of Board Meeting,"Signatureglobal (India) Limited has submitted to the Exchange, the financial results for the period ended September 30, 2025."
05-Nov-2025 20:51:45,Analysts/Institutional Investor Meet/Con. Call Updates,Signatureglobal (India) Limited has informed the Exchange about Schedule of meet
05-Nov-2025 20:49:04,Resignation,"Pursuant to Regulation 30 of the SEBI (Listing Obligations and Disclosure Requirements) Regulations, 2015 (Listing Regulations), we would like to inform that Mr. Sapan Bebarta, President Legal, design"
28-Oct-2025 19:38:23,Press Release,"Signatureglobal (India) Limited has informed the Exchange regarding a press release dated October 28, 2025, titled ""Signature Global Raises INR 8.75 billion via NCDs to Fund Mid-Income, Sustainable Ho"
16-Oct-2025 10:28:18,Allotment of Securities,"Signatureglobal (India) Limited has informed the Exchange regarding allotment of 87500 Rated, Listed, Secured, Redeemable Non- Convertible Debentures on private placement basis"
13-Oct-2025 18:34:27,Press Release,"Signatureglobal (India) Limited has informed the Exchange regarding a press release dated October 13, 2025, titled ""Signature Global Recognized for ESG Commitment in GRESB Debut; Scores Full Marks in "
11-Oct-2025 22:16:06,Press Release,"Signatureglobal (India) Limited has informed the Exchange regarding a press release dated October 11, 2025, titled ""Signature Global Reports Pre-Sales of INR 46.5 Billion in H1FY26""."
11-Oct-2025 22:02:42,Updates,Signatureglobal (India) Limited has informed the Exchange regarding 'Key Operational Updates for Q2FY26'.
10-Oct-2025 12:27:20,"Certificate under SEBI (Depositories and Participants) Regulations, 2018","Signatureglobal (India) Limited has informed the Exchange about Certificate under SEBI (Depositories and Participants) Regulations, 2018"
09-Oct-2025 14:37:49,Issue of Securities,Signatureglobal (India) Limited has informed the Exchange about issue of Securities
08-Oct-2025 19:38:48,Updates,Signatureglobal (India) Limited has informed the Exchange regarding 'Updation of details of Registrar and Share Transfer Agent of the Company'.
26-Sep-2025 16:21:48,Trading Window,"Signatureglobal (India) Limited has informed the Exchange regarding the Trading Window closure pursuant to SEBI (Prohibition of Insider Trading) Regulations, 2015"
24-Sep-2025 21:34:29,Change in Management,"Signatureglobal (India) Limited has informed the Exchange about Re-appointment of Mr. Kundan Mal Agarwal, Independent Director and Appointment of Secretarial Auditor of the Company"
24-Sep-2025 21:26:00,Shareholders meeting,"Signatureglobal (India) Limited has submitted the Exchange a copy Srutinizers report of  Annual General Meeting held on September 23, 2025. Further, the company has informed the Exchange regarding vot"
23-Sep-2025 20:27:24,Shareholders meeting,"Signatureglobal (India) Limited has informed the Exchange regarding Proceedings of Annual General Meeting held on September 23, 2025"
02-Sep-2025 12:04:20,Copy of Newspaper Publication,Signatureglobal (India) Limited has informed the Exchange about Copy of Newspaper Publication
01-Sep-2025 21:22:45,Shareholders meeting,"Signatureglobal (India) Limited has informed the Exchange regarding Notice of Annual General Meeting to be held on September 23, 2025"
30-Aug-2025 19:04:06,Copy of Newspaper Publication,Signatureglobal (India) Limited has informed the Exchange about Copy of Newspaper Publication
15-Aug-2025 00:09:13,Updates,"Pursuant to Regulation 30 of SEBI (Listing Obligations and Disclosure Requirements) Regulations, 2015, we wish to inform you that Signatureglobal Business Park Limited (formerly known as Signatureglob"
14-Aug-2025 17:28:31,Analysts/Institutional Investor Meet/Con. Call Updates,Signatureglobal (India) Limited has informed the Exchange about Transcript
09-Aug-2025 10:38:52,Copy of Newspaper Publication,Signatureglobal (India) Limited has informed the Exchange about Copy of Newspaper Publication
08-Aug-2025 16:46:31,Analysts/Institutional Investor Meet/Con. Call Updates,Signatureglobal (India) Limited has informed the Exchange about Link of Recording
07-Aug-2025 21:05:55,Investor Presentation,Signatureglobal (India) Limited has informed the Exchange about Investor Presentation
07-Aug-2025 20:57:14,Press Release,"Signatureglobal (India) Limited has informed the Exchange regarding a press release dated August 07, 2025, titled ""Signatureglobal Q1 FY26 Net profit jumps 386% YoY; Revenue More Than Doubles""."
07-Aug-2025 20:51:17,Change in Director(s),Signatureglobal (India) Limited has informed the Exchange regarding Change in Director(s) of the company.
07-Aug-2025 20:46:25,Change in Auditors,Signatureglobal (India) Limited has informed the Exchange regarding Change in Auditors of the company.
07-Aug-2025 20:40:29,Updates,Signatureglobal (India) Limited has informed the Exchange regarding 'Key Operational Updates for Q1FY26'.
07-Aug-2025 20:33:17,Outcome of Board Meeting,"Signatureglobal (India) Limited has submitted to the Exchange, the financial results for the period ended Jun 30, 2025."
05-Aug-2025 19:58:26,Analysts/Institutional Investor Meet/Con. Call Updates,Signatureglobal (India) Limited has informed the Exchange about Schedule of meet
02-Aug-2025 20:55:47,Amendment to AOA/MOA,Signatureglobal (India) Limited has informed the Exchange regarding the Amendment to AOA/MOA of the company.
02-Aug-2025 20:53:01,Shareholders meeting,"Signatureglobal (India) Limited has submitted the Exchange a copy Srutinizers report of  Postal Ballot. Further, the company has informed the Exchange regarding voting results."
01-Aug-2025 19:51:42,Credit Rating- New,Signatureglobal (India) Limited has informed the Exchange about Credit Rating- New
10-Jul-2025 16:42:28,"Certificate under SEBI (Depositories and Participants) Regulations, 2018","Signatureglobal (India) Limited has informed the Exchange about Certificate under SEBI (Depositories and Participants) Regulations, 2018"
08-Jul-2025 21:38:05,Press Release,"Signatureglobal (India) Limited has informed the Exchange regarding a press release dated July 08, 2025, titled ""Signature Global Q1FY26 pre-sales stands at INR 26.4 billion""."
08-Jul-2025 21:35:32,Updates,Signatureglobal (India) Limited has informed the Exchange regarding 'Key Operational Updates for Q1FY26'.
03-Jul-2025 15:07:22,Copy of Newspaper Publication,Signatureglobal (India) Limited has informed the Exchange about Copy of Newspaper Publication - Postal Ballot Notice
02-Jul-2025 18:42:21,Shareholders meeting,Signatureglobal (India) Limited has informed the Exchange regarding Notice of Postal Ballot
27-Jun-2025 17:20:34,Trading Window,"Signatureglobal (India) Limited has informed the Exchange regarding the Trading Window closure pursuant to SEBI (Prohibition of Insider Trading) Regulations, 2015"
25-Jun-2025 19:55:10,Disclosure under SEBI Takeover Regulations,Ravi Aggarwal For and on behalf of Promoters/Promoter Group of the Company has Submitted to the Exchange a copy of Disclosure under Regulation 31(4) of the Securities and Exchange Board of India (Subs
25-Jun-2025 19:01:17,General Updates,"Approved the raising of funds by issuance of Secured Listed Redeemable Non-Convertible Debentures (NCDs), for an amount not exceeding Rs. 8,75,00,00,000/- (Rupees Eight Hundred Seventy Five Crores onl"
25-Jun-2025 18:50:43,Amendment to AOA/MOA,Signatureglobal (India) Limited has informed the Exchange regarding the Amendment to AOA/MOA of the company.
25-Jun-2025 18:48:06,Outcome of Board Meeting,"Signatureglobal (India) Limited has informed the Exchange regarding Outcome of Board Meeting held on Jun 25, 2025."
23-Jun-2025 21:48:16,Updates,"Signatureglobal (India) Limited has informed the Exchange regarding 'Pursuant to Regulation 30 of SEBI (Listing Obligations and Disclosure Requirements) Regulations, 2015, we wish to inform you that S"
20-Jun-2025 20:11:27,General Updates,Signatureglobal (India) Limited has informed the Exchange about Update on Acquisition of Equity Shares of Indeed Fincap Private Limited
22-May-2025 19:36:49,Analysts/Institutional Investor Meet/Con. Call Updates,Signatureglobal (India) Limited has informed the Exchange about Transcript
17-May-2025 12:59:54,Copy of Newspaper Publication,Signatureglobal (India) Limited has informed the Exchange about Copy of Newspaper Publication
16-May-2025 16:53:59,Analysts/Institutional Investor Meet/Con. Call Updates,Signatureglobal (India) Limited has informed the Exchange about Link of Recording
16-May-2025 01:10:27,Updates,Signatureglobal (India) Limited has informed the Exchange regarding 'Grant of Options under ESOP Plan 2024'.
15-May-2025 21:45:53,Investor Presentation,Signatureglobal (India) Limited has informed the Exchange about Investor Presentation
15-May-2025 21:37:28,Press Release,"Signatureglobal (India) Limited has informed the Exchange regarding a press release dated May 15, 2025, titled ""Signature Global delivers staggering 531% jump in PAT to INR 1.01 billion in FY25, regis"
15-May-2025 21:35:12,Appointment,"Signatureglobal (India) Limited has informed the Exchange regarding Appointment of  Mr. Amit Kaicker & Mr. Varun Oberoi as Senior Management Personnel of the company w.e.f. May 15, 2025."
15-May-2025 21:19:23,Updates,Signatureglobal (India) Limited has informed the Exchange regarding ' Key Operational And Financial Updates For FY25'.
15-May-2025 21:15:05,Outcome of Board Meeting,"Signatureglobal (India) Limited has informed the Exchange regarding Outcome of Board Meeting held on May 15, 2025."
13-May-2025 21:06:46,Resignation,"Pursuant to Regulation 30 of the Securities and Exchange Board of India (Listing Obligations and Disclosure Requirements) Regulations, 2015 ( Listing Regulations ), we would like to inform that Mr. Ra"
13-May-2025 18:19:09,Analysts/Institutional Investor Meet/Con. Call Updates,Signatureglobal (India) Limited has informed the Exchange about Schedule of meet
11-Apr-2025 14:37:57,"Certificate under SEBI (Depositories and Participants) Regulations, 2018","Pursuant the Regulation 74 (5) of SEBI (Depositories and Participants) Regulations, 2018, please find enclosed herewith the Certificate issued by the Registrar and Share Transfer Agent of the Company "
08-Apr-2025 19:30:59,Press Release,"Signatureglobal (India) Limited has informed the Exchange regarding a press release dated April 08, 2025, titled ""Signature Global Records Highest-Ever Annual Pre-Sales of INR 102.9 Billion in FY25, S"
08-Apr-2025 19:23:41,Updates,Signatureglobal (India) Limited has informed the Exchange regarding 'Key Operational updates for FY25'.
28-Mar-2025 19:26:14,Trading Window,"Signatureglobal (India) Limited has informed the Exchange regarding the Trading Window closure pursuant to SEBI (Prohibition of Insider Trading) Regulations, 2015"
26-Mar-2025 19:59:25,Updates,"In furtherance of our earlier Intimation under Regulation 30 of SEBI (Listing Obligations and Disclosure Requirements) Regulations, 2015 dated 20th March, 2025, wherein we have informed you about the "
20-Mar-2025 21:34:37,Updates,"Pursuant to Regulation 30 of SEBI (Listing Obligations and Disclosure Requirements) Regulations, 2015, we wish to inform you that Signatureglobal Business Park Private Limited, a wholly owned subsidia"
17-Feb-2025 17:37:59,Analysts/Institutional Investor Meet/Con. Call Updates,Signatureglobal (India) Limited has informed the Exchange about Transcript
12-Feb-2025 15:16:55,Copy of Newspaper Publication,Signatureglobal (India) Limited has informed the Exchange about Copy of Newspaper Publication
11-Feb-2025 17:21:55,Analysts/Institutional Investor Meet/Con. Call Updates,Signatureglobal (India) Limited has informed the Exchange about Link of Recording
10-Feb-2025 20:44:57,Integrated Filing- Financial,"Integrated Filing (Financials) for the quarter ended 31st December, 2024."
10-Feb-2025 20:17:18,Investor Presentation,Signatureglobal (India) Limited has informed the Exchange about Investor Presentation
10-Feb-2025 20:05:58,Press Release,"Signatureglobal (India) Limited has informed the Exchange regarding a press release dated February 10, 2025, titled ""Signature Global Records Strong Pre-Sales of INR 128.10 billion in Calendar Year 20"
10-Feb-2025 19:54:59,Updates,Signatureglobal (India) Limited has informed the Exchange regarding 'Key Operational updates for Q3FY25'.
10-Feb-2025 19:47:01,Change in Auditors,Signatureglobal (India) Limited has informed the Exchange regarding Change in Auditors of the company.
10-Feb-2025 19:43:23,Outcome of Board Meeting,"Signatureglobal (India) Limited has informed the Exchange regarding  Board meeting held on February 10, 2025."
10-Feb-2025 19:41:26,Financial Result Updates," Signatureglobal (India) Limited has submitted to the Exchange, the financial results for the period ended December 31, 2024."
08-Feb-2025 13:30:52,Pendency of Litigation(s)/dispute(s) or the outcome impacting the Company,Signatureglobal (India) Limited has informed the Exchange about Pendency of Litigation(s)/dispute(s) or the outcome impacting the Company
06-Feb-2025 20:07:33,Analysts/Institutional Investor Meet/Con. Call Updates,Signatureglobal (India) Limited has informed the Exchange about Schedule of meet
17-Jan-2025 16:46:08,"Certificate under SEBI (Depositories and Participants) Regulations, 2018","Signatureglobal (India) Limited has informed the Exchange about Certificate under SEBI (Depositories and Participants) Regulations, 2018"
10-Jan-2025 21:06:40,Updates,"Pursuant to Regulation 30 of SEBI (Listing Obligations and Disclosure Requirements) Regulations, 2015, we wish to inform you that the Company has executed a Sale Deed dated 10th January, 2025 for acqu"
10-Jan-2025 19:44:14,Updates,"Pursuant to Regulation 30 of SEBI (Listing Obligations and Disclosure Requirements) Regulations, 2015, we wish to inform you that the Company has executed a Sale Deed dated 10th January, 2024 for acqu"
07-Jan-2025 17:16:51,Updates,Signatureglobal (India) Limited has informed the Exchange regarding 'Revision of Authority for determination of Materiality of event or information'.
07-Jan-2025 17:14:00,Press Release,"Signatureglobal (India) Limited has informed the Exchange regarding a press release dated January 07, 2025, titled ""Press Release for Key Operational Updates for 9 months FY25""."
07-Jan-2025 17:08:09,Updates,Key Operational Updates for Q3 FY25
07-Jan-2025 16:47:17,Change in Management,Appointment of CFO & Senior Management Personnel(s)
07-Jan-2025 16:41:44,Outcome of Board Meeting,Outcome of Board Meeting - Appointment of CFO & Senior Management Personnel(s)
01-Jan-2025 17:03:15,Updates,Signatureglobal (India) Limited has informed the Exchange regarding 'Change of name of Registrar and Share Transfer Agent ( RTA ) of the Company'.
27-Dec-2024 16:12:32,Trading Window,"Signatureglobal (India) Limited has informed the Exchange regarding the Trading Window closure pursuant to SEBI (Prohibition of Insider Trading) Regulations, 2015"
14-Nov-2024 18:42:52,Analysts/Institutional Investor Meet/Con. Call Updates,Signatureglobal (India) Limited has informed the Exchange about Transcript
11-Nov-2024 17:03:16,Analysts/Institutional Investor Meet/Con. Call Updates,Signatureglobal (India) Limited has informed the Exchange about Link of Recording
11-Nov-2024 16:59:13,Copy of Newspaper Publication,Signatureglobal (India) Limited has informed the Exchange about Copy of Newspaper Publication
08-Nov-2024 21:10:03,Cessation,"Signatureglobal (India) Limited has informed the Exchange regarding Cessation of  Mr. Gaurav Malik, CFO as Chief Financial Officer of the company w.e.f. November 08, 2024."
08-Nov-2024 21:04:07,Investor Presentation,Signatureglobal (India) Limited has informed the Exchange about Investor Presentation
08-Nov-2024 18:41:50,General Updates,Key Operational Updates for H1FY25
08-Nov-2024 18:11:50,Press Release,"Signatureglobal (India) Limited has informed the Exchange regarding a press release dated November 08, 2024, titled ""Press Release""."
08-Nov-2024 18:00:17,Outcome of Board Meeting,"Signatureglobal (India) Limited has informed the Exchange regarding  Board meeting held on November 08, 2024."
08-Nov-2024 17:58:36,Financial Result Updates," Signatureglobal (India) Limited has submitted to the Exchange, the financial results for the period ended September 30, 2024."
06-Nov-2024 20:02:56,Analysts/Institutional Investor Meet/Con. Call Updates,"Pursuant to Regulation 30 read with Part A of Schedule III of the SEBI (Listing Obligations and Disclosure Requirements) Regulations, 2015, we write to inform you that the Investors/ Analysts Call to "
23-Oct-2024 18:48:32,Agreements,Signatureglobal (India) Limited has informed the Exchange about Agreements
18-Oct-2024 16:00:41,"Certificate under SEBI (Depositories and Participants) Regulations, 2018","Signatureglobal (India) Limited has informed the Exchange about Certificate under SEBI (Depositories and Participants) Regulations, 2018"
08-Oct-2024 19:48:12,Press Release,"Signatureglobal (India) Limited has informed the Exchange regarding a press release dated October 08, 2024, titled ""Press Release""."
08-Oct-2024 19:40:43,Updates,Signatureglobal (India) Limited has informed the Exchange regarding 'Key Operational updates for H1FY25'.
03-Oct-2024 07:58:36,General Updates,Signatureglobal (India) Limited has informed the Exchange about General Updates
01-Oct-2024 17:51:59,Shareholders meeting,"Pursuant to Regulation 44 of the SEBI (Listing Obligations and Disclosure Requirements) Regulations, 2015, we enclose herewith the consolidated Voting Results (Annexure-I) along with the Scrutiniser s"
28-Sep-2024 18:57:36,Shareholders meeting,"Pursuant to Regulation 30 of the SEBI (Listing Obligations and Disclosure Requirements) Regulations, 2015, we enclose herewith the proceedings of 25th AGM of the Company held on Saturday, the 28th Sep"
25-Sep-2024 21:08:21,Trading Window,"Signatureglobal (India) Limited has informed the Exchange regarding the Trading Window closure pursuant to SEBI (Prohibition of Insider Trading) Regulations, 2015"
24-Sep-2024 23:26:20,Analysts/Institutional Investor Meet/Con. Call Updates,Signatureglobal (India) Limited has informed the Exchange about Schedule of meet
20-Sep-2024 21:31:49,Resignation,"Pursuant to Regulation 30 of the Securities and Exchange Board of India (Listing Obligations and Disclosure Requirements) Regulations, 2015 ( Listing Regulations ), we write to inform that Mr. Gaurav "
07-Sep-2024 16:52:11,Copy of Newspaper Publication,"Pursuant to Regulation 30 of the SEBI (Listing Obligations and Disclosure Requirements) Regulations, 2015, we herewith enclose the copies of the newspaper advertisements, published in Financial Expres"
06-Sep-2024 21:10:41,Shareholders meeting,Notice of 25th Annual General Meeting of the Company
04-Sep-2024 20:09:38,Copy of Newspaper Publication,"Newspaper Advertisement regarding 25th AGM of the Company to be held on Saturday, 28th September, 2024 at 03:00 PM (IST)."
29-Aug-2024 19:03:36,Updates,Signatureglobal (India) Limited has informed the Exchange regarding 'Change in Senior Management Personnel (SMP) of the Compnay and Approval of Employee Stock Option Scheme 2024'.
29-Aug-2024 19:00:34,Change in Management,Signatureglobal (India) Limited has informed the Exchange about change in Management
29-Aug-2024 18:57:19,Outcome of Board Meeting,"Signatureglobal (India) Limited has informed the Exchange regarding  Board meeting held on August 29, 2024."
29-Aug-2024 11:03:45,Updates,"Pursuant to Regulation 30 of SEBI (Listing Obligations and Disclosure Requirements) Regulations, 2015, the Company has launched its new project under Affordable Housing Policy 2013 as  Signature Globa"
14-Aug-2024 20:13:20,Updates,"With reference to our intimation dated 7th August, 2024 in respect of outcome of the Board Meeting held on 7th August, 2024, we enclose herewith a copy of resignation letter received from Mr. Manish G"
14-Aug-2024 19:26:49,Analysts/Institutional Investor Meet/Con. Call Updates,Signatureglobal (India) Limited has informed the Exchange about Transcript
12-Aug-2024 20:43:23,Updates,"Pursuant to Regulation 30 of the Securities and Exchange Board of India (Listing Obligations and Disclosure Requirements) Regulations, 2015 we enclose herewith details of issuance of Corporate Guarant"
09-Aug-2024 16:50:33,Copy of Newspaper Publication,Signatureglobal (India) Limited has informed the Exchange about Copy of Newspaper Publication
08-Aug-2024 17:34:40,Analysts/Institutional Investor Meet/Con. Call Updates,Signatureglobal (India) Limited has informed the Exchange about Link of Recording
07-Aug-2024 19:05:57,Updates,Signatureglobal (India) Limited has informed the Exchange regarding 'Key operational updates for the Q1FY25'.`
07-Aug-2024 18:48:53,Investor Presentation,Signatureglobal (India) Limited has informed the Exchange about Investor Presentation
07-Aug-2024 18:34:33,Updates,Signatureglobal (India) Limited has informed the Exchange regarding 'Change in CFO and Re-appointment of Internal Auditor and Cost Auditor of the Company'.
07-Aug-2024 18:24:12,Press Release,"Signatureglobal (India) Limited has informed the Exchange regarding a press release dated August 07, 2024, titled ""Press Release for unaudited financial results for the quarter ended June 30, 2024""."
07-Aug-2024 18:20:16,Change in Management,Signatureglobal (India) Limited has informed the Exchange about change in Management
07-Aug-2024 18:13:19,Financial Result Updates," Signatureglobal (India) Limited has submitted to the Exchange, the financial results for the period ended June 30, 2024."
07-Aug-2024 18:12:08,Outcome of Board Meeting,"Signatureglobal (India) Limited has informed the Exchange regarding  Board meeting held on August 07, 2024."
03-Aug-2024 17:26:01,Analysts/Institutional Investor Meet/Con. Call Updates,Signatureglobal (India) Limited has informed the Exchange about Schedule of meet
19-Jul-2024 17:58:45,"Certificate under SEBI (Depositories and Participants) Regulations, 2018","Pursuant the Regulation 74 (5) of SEBI (Depositories and Participants) Regulations, 2018, please find enclosed herewith the Certificate issued by the Registrar and Share Transfer Agent of the Company "
07-Jul-2024 08:58:46,Press Release,"Signatureglobal (India) Limited has informed the Exchange regarding a press release dated July 07, 2024, titled ""Press Release in relation to Key Operational updates for Q1FY25 ""."
07-Jul-2024 08:55:54,Updates,Signatureglobal (India) Limited has informed the Exchange regarding 'Key Operational updates for Q1FY25'.
05-Jul-2024 19:55:19,Analysts/Institutional Investor Meet/Con. Call Updates,Signatureglobal (India) Limited has informed the Exchange about Intimation
02-Jul-2024 19:14:32,Analysts/Institutional Investor Meet/Con. Call Updates,Signatureglobal (India) Limited has informed the Exchange about Schedule of meet
30-Jun-2024 16:59:07,Press Release,"Signatureglobal (India) Limited has informed the Exchange Pursuant to the provisions of Regulation 30 of SEBI (Listing Obligations and Disclosure Requirements) Regulations, 2015, please find enclosed "
28-Jun-2024 18:19:17,Trading Window,"Signatureglobal (India) Limited has informed the Exchange regarding the Trading Window closure pursuant to SEBI (Prohibition of Insider Trading) Regulations, 2015"
13-Jun-2024 19:38:15,Updates,"Pursuant to Regulation 30 of SEBI (Listing Obligations and Disclosure Requirements) Regulations, 2015, we wish to inform you that Sternal Buildcon Private Limited, a wholly owned subsidiary of  SGIL  "
06-Jun-2024 19:51:03,Updates,"Pursuant to Regulation 30 of the Securities and Exchange Board of India (Listing Obligations and Disclosure Requirements) Regulations, 2015, we write to inform you that the company has issued a Corpor"
05-Jun-2024 20:46:02,Updates,"Signatureglobal (India) Limited has informed the Exchange regarding 'Issuance of Corporate Guarantee  in favour of Vistra ITCL (India) Limited on behalf of Gurugram Commercity Private Limited, a wholl"
30-May-2024 12:10:16,Disclosure under SEBI Takeover Regulations,"Ravi Aggarwal has Submitted to the Exchange a copy of Disclosure under Regulation 31(4) of the Securities and Exchange Board of India (Substantial Acquisition of Shares and Takeovers) Regulations, 201"
23-May-2024 13:18:25,Analysts/Institutional Investor Meet/Con. Call Updates,Signatureglobal (India) Limited has informed the Exchange about Transcript
17-May-2024 19:11:36,Updates,"Pursuant to Regulation 30 of SEBI (Listing Obligations and Disclosure Requirements) Regulations, 2015, we wish to inform you that Signatureglobal Homes Private Limited, a wholly owned subsidiary, had "
17-May-2024 17:16:13,Copy of Newspaper Publication,"Pursuant to the provisions of Regulation 47 of SEBI (Listing Obligations and Disclosure Requirements) Regulations, 2015, we enclose herewith the copies of the newspaper advertisements of the extract o"
16-May-2024 19:28:40,Analysts/Institutional Investor Meet/Con. Call Updates,Signatureglobal (India) Limited has informed the Exchange about Link of Recording
15-May-2024 20:16:36,Investor Presentation,Signatureglobal (India) Limited has informed the Exchange about Investor Presentation
15-May-2024 19:36:51,Updates,Signatureglobal (India) Limited has informed the Exchange regarding 'Key Operational and Financial updates for Q4FY24 & FY24'.
15-May-2024 19:16:36,Acquisition,Signatureglobal (India) Limited has informed the Exchange about Acquisition
15-May-2024 19:09:24,Financial Result Updates,"Signatureglobal (India) Limited has submitted to the Exchange, the financial results for the period ended March 31, 2024."
15-May-2024 19:07:36,Outcome of Board Meeting,"Signatureglobal (India) Limited has informed the Exchange regarding Outcome of Board Meeting held on May 15, 2024."
13-May-2024 20:19:36,Analysts/Institutional Investor Meet/Con. Call Updates,Signatureglobal (India) Limited has informed the Exchange about Schedule of meet
09-May-2024 18:26:48,Updates,"Pursuant to Regulation 30 of SEBI (Listing Obligations and Disclosure Requirements) Regulations, 2015, we wish to inform you that JMK Holdings Private Limited, a wholly owned subsidiary, had executed "
18-Apr-2024 14:33:30,"Certificate under SEBI (Depositories and Participants) Regulations, 2018","Pursuant the Regulation 74 (5) of SEBI (Depositories and Participants) Regulations, 2018, please find enclosed herewith the Certificate issued by the Registrar and Share Transfer Agent of the Company "
07-Apr-2024 16:20:51,Updates,Signatureglobal (India) Limited has informed the Exchange regarding 'Key operational Performance of the Company for the Q4 FY24 & FY24'.
07-Apr-2024 16:18:56,Press Release,"Signatureglobal (India) Limited has informed the Exchange regarding a press release dated April 07, 2024, titled ""Press Release inrelation to Key operational Performance of the Company for the Q4 FY24"
28-Mar-2024 19:32:08,Trading Window,"Signatureglobal (India) Limited has informed the Exchange regarding the Trading Window closure pursuant to SEBI (Prohibition of Insider Trading) Regulations, 2015"
18-Mar-2024 20:01:29,Updates,"Pursuant to Regulation 30 of the SEBI (Listing Obligations and Disclosure Requirements) Regulations, 2015, the  Company ), this is further to our letters dated 9"" November, 2023 and 13th December, 202"
12-Mar-2024 20:34:13,Updates,"Pursuant to Regulation 30 of SEBI (Listing Obligations and Disclosure Requirements) Regulations, 2015, the Company through its subsidiary has launched its new project under Affordable Housing Policy 2"
05-Mar-2024 14:10:11,Acquisition,Signatureglobal (India) Limited has informed the Exchange about Acquisition
05-Mar-2024 14:06:51,Outcome of Board Meeting,"Signatureglobal (India) Limited has informed the Exchange regarding Outcome of Board Meeting held on March 05, 2024."
03-Mar-2024 17:48:15,Press Release,"Signatureglobal (India) Limited has informed the Exchange regarding a press release dated March 03, 2024, titled ""Press Release""."
12-Feb-2024 18:58:14,Analysts/Institutional Investor Meet/Con. Call Updates,Signatureglobal (India) Limited has informed the Exchange about Transcript
08-Feb-2024 18:52:42,Updates,Signatureglobal (India) Limited has informed the Exchange regarding 'Disclosure under regulation 30 of SEBI LODR'.
05-Feb-2024 18:36:58,Analysts/Institutional Investor Meet/Con. Call Updates,Signatureglobal (India) Limited has informed the Exchange about Link of Recording
05-Feb-2024 16:24:06,Copy of Newspaper Publication,"Pursuant to the provisions of Regulation 47 of SEBI (Listing Obligations and Disclosure Requirements) Regulations, 2015, we enclose herewith the copies of the newspaper advertisements of the extract o"
03-Feb-2024 16:37:58,Investor Presentation,Signatureglobal (India) Limited has informed the Exchange about Investor Presentation
02-Feb-2024 21:23:39,Monitoring Agency Report,"Pursuant to the Regulation 32(6) of the SEBI (Listing Obligations and Disclosure Requirements) Regulations, 2015 and Regulation 41(4) of the SEBI (Issue of Capital and Disclosure Requirements) Regulat"
02-Feb-2024 21:22:19,Statement of deviation(s) or variation(s) under Reg. 32,Signatureglobal (India) Limited has informed the Exchange about statement of deviation(s) or variation(s) under Reg. 32
02-Feb-2024 19:09:43,Updates,Key Operational and Financial updates for Q3FY24 & 9MFY24
02-Feb-2024 19:01:29,Updates,"Signatureglobal (India) Limited has informed the Exchange regarding 'Disclosure under Regulation 30 of SEBI (Listing Obligations and Disclosure Requirements) Regulations, 2015 ( Listing Regulations )'"
02-Feb-2024 18:09:48,Acquisition,Signatureglobal (India) Limited has informed the Exchange about Acquisition
02-Feb-2024 18:06:22,Outcome of Board Meeting,"Signatureglobal (India) Limited has informed the Exchange regarding  Board meeting held on February 02, 2024."
02-Feb-2024 18:00:27,Financial Result Updates,"Signatureglobal (India) Limited has submitted to the Exchange, the financial results for the period ended December 31, 2023."
31-Jan-2024 21:17:30,Analysts/Institutional Investor Meet/Con. Call Updates,Signatureglobal (India) Limited has informed the Exchange about Schedule of meet
16-Jan-2024 18:39:44,"Certificate under SEBI (Depositories and Participants) Regulations, 2018","Pursuant the Regulation 74 (5) of SEBI (Depositories and Participants) Regulations, 2018, please find enclosed herewith the Certificate issued by the Registrar and Share Transfer Agent of the Company "
08-Jan-2024 08:03:40,Updates,key operational updates for 9MFY24 & Q3FY24:
28-Dec-2023 19:59:32,Trading Window,"Signatureglobal (India) Limited has informed the Exchange regarding the Trading Window closure pursuant to SEBI (Prohibition of Insider Trading) Regulations, 2015"
21-Dec-2023 20:53:57,Updates,"Pursuant to Regulation 30 of SEBI (Listing Obligations and Disclosure Requirements) Regulations, 2015, we write to inform you that Signature Infrabuild Private Limited, a wholly owned subsidiary, had "
13-Dec-2023 19:33:19,Updates,"Update on Acquisition - Intimation under Regulation 30 read with Schedule III of SEBI (Listing Obligations and Disclosure Requirements) Regulations, 2015"
18-Nov-2023 19:28:22,Analysts/Institutional Investor Meet/Con. Call Updates,Signatureglobal (India) Limited has informed the Exchange about Transcript
14-Nov-2023 12:26:19,Copy of Newspaper Publication,"Pursuant to the provisions of Regulation 47 of SEBI (Listing Obligations and Disclosure Requirements) Regulations, 2015, we enclose herewith the copies of the newspaper advertisements of the extract o"
10-Nov-2023 14:12:07,Analysts/Institutional Investor Meet/Con. Call Updates,Signatureglobal (India) Limited has informed the Exchange about Link of Recording
09-Nov-2023 20:26:09,Investor Presentation,Signatureglobal (India) Limited has informed the Exchange about Investor Presentation
09-Nov-2023 18:50:02,Updates,Signatureglobal (India) Limited has informed the Exchange regarding 'Key Operational and Financial updates for Q2FY24 & H1FY24'.
09-Nov-2023 18:29:20,Monitoring Agency Report,"Pursuant to the Regulation 32(6) of the SEBI (Listing Obligations and Disclosure Requirements)Regulations, 2015 and Regulation 41(4) of the SEBI (Issue of Capital and Disclosure Requirements)Regulatio"
09-Nov-2023 18:25:52,Press Release,"Signatureglobal (India) Limited has informed the Exchange regarding a press release dated November 09, 2023, titled ""Signature Global plans launches of 8,500 crore in FY23-24 & Acquires 25.14 acres pr"
09-Nov-2023 18:23:19,Acquisition,Signatureglobal (India) Limited has informed the Exchange about Acquisition
09-Nov-2023 18:19:32,Outcome of Board Meeting,"Signatureglobal (India) Limited has informed the Exchange regarding Outcome of Board Meeting held on November 09, 2023."
09-Nov-2023 18:15:19,Financial Result Updates,"Signatureglobal (India) Limited has submitted to the Exchange, the financial results for the period ended September 30, 2023."
09-Nov-2023 18:11:33,Statement of deviation(s) or variation(s) under Reg. 32,Signatureglobal (India) Limited has informed the Exchange about statement of deviation(s) or variation(s) under Reg. 32
06-Nov-2023 21:16:08,Analysts/Institutional Investor Meet/Con. Call Updates,Intimation of the Q2 & H1 FY24 Earnings Call
26-Oct-2023 15:16:23,Press Release,"Pursuant to Regulation 30 of SEBI (Listing Obligations and Disclosure Requirements) Regulations, 2015, we are pleased to inform that  Signatureglobal Homes Private Limited , a wholly owned subsidiary "
23-Oct-2023 20:54:10,Updates,"Pursuant to Regulation 30 of SEBI (Listing Obligations and Disclosure Requirements) Regulations, 2015, the Company has entered into a Sale Deed dated 23rd October, 2023 for acquiring a land parcel adm"
16-Oct-2023 19:05:29,"Certificate under SEBI (Depositories and Participants) Regulations, 2018","Certificate pursuant to Regulation 74(5) of the SEBI (Depositories and Participants) Regulations, 2018"
13-Oct-2023 19:10:21,Trading Window,"Signatureglobal (India) Limited has informed the Exchange regarding the Trading Window closure pursuant to SEBI (Prohibition of Insider Trading) Regulations, 2015"
13-Oct-2023 19:08:00,Copy of Newspaper Publication,"in both the English and Hindi newspapers regarding the publication of the Unaudited Financial Results (both Standalone and Consolidated) of the Company for the quarter ended on 30th June, 2023"
12-Oct-2023 14:07:25,Press Release,"Signatureglobal (India) Limited has informed the Exchange regarding a press release dated October 12, 2023, titled ""Press Release ""."
11-Oct-2023 21:47:05,Updates,Signatureglobal (India) Limited has informed the Exchange regarding 'key operational updates for H1FY24 and Q2FY24'.
11-Oct-2023 21:42:58,Updates,Signatureglobal (India) Limited has informed the Exchange regarding 'key operational updates for Q1FY24'.
11-Oct-2023 21:40:36,Updates,Signatureglobal (India) Limited has informed the Exchange regarding 'Financial performance for Q1FY24'.
11-Oct-2023 20:03:13,Financial Result Updates,"Signatureglobal (India) Limited has submitted to the Exchange, the financial results for the period ended June 30, 2023."
27-Sep-2023 19:41:36,Trading Window,"Signatureglobal (India) Limited has informed the Exchange regarding the Trading Window closure pursuant to SEBI (Prohibition of Insider Trading) Regulations, 2015"
