date,regime,sym,pick_order,score_rank,weight,fwd
2015-08-05,SIDEWAYS,WELSPUNLIV.NS,1,1,0.3333333333333333,-0.22204489510273617
2015-08-05,SIDEWAYS,TATAELXSI.NS,2,2,0.3333333333333333,0.006563021118767056
2015-08-05,SIDEWAYS,BRITANNIA.NS,3,7,0.3333333333333333,-0.048969561615477164
2015-09-03,BEAR,CHENNPETRO.NS,1,1,0.5,0.049724079728381554
2015-09-03,BEAR,JUBLPHARMA.NS,2,2,0.5,0.14909597825017884
2015-10-07,BEAR,CHENNPETRO.NS,1,1,0.5,-0.19166586017315113
2015-10-07,BEAR,WELSPUNLIV.NS,2,2,0.5,-0.1606145179942846
2015-11-06,BEAR,JUBLPHARMA.NS,1,1,0.5,0.06549158008177591
2015-11-06,BEAR,INTELLECT.NS,2,2,0.5,0.05621588258692678
2015-12-10,BEAR,JUBLPHARMA.NS,1,1,0.5,-0.05480393877128409
2015-12-10,BEAR,INTELLECT.NS,2,2,0.5,-0.05062940269220961
2016-01-11,BEAR,TRIVENI.NS,1,1,0.5,-0.18650189601613487
2016-01-11,BEAR,GODFRYPHLP.NS,2,2,0.5,-0.22512124696992564
2016-02-10,BEAR,TVSMOTOR.NS,1,1,0.5,0.0011353094538471015
2016-02-10,BEAR,BALRAMCHIN.NS,2,2,0.5,0.14094541119969417
2016-03-11,BEAR,BALRAMCHIN.NS,1,1,0.5,0.1338960570089216
2016-03-11,BEAR,MANAPPURAM.NS,2,2,0.5,0.1340602461347915
2016-04-13,BEAR,JSWSTEEL.NS,1,1,0.5,-0.019928611718306843
2016-04-13,BEAR,MANAPPURAM.NS,2,2,0.5,0.27548701145540666
2016-05-17,SIDEWAYS,JSWSTEEL.NS,1,1,0.3333333333333333,0.0833875314053083
2016-05-17,SIDEWAYS,MANAPPURAM.NS,2,2,0.3333333333333333,0.1783281088891122
2016-05-17,SIDEWAYS,BALRAMCHIN.NS,3,3,0.3333333333333333,0.039397033584448904
2016-06-15,BULL,HSCL.NS,1,1,0.05955230511619348,0.215465504867824
2016-06-15,BULL,MANAPPURAM.NS,2,2,0.052105351865868066,0.28098639386909774
2016-06-15,BULL,YESBANK.NS,3,3,0.12231629870209342,0.09912989574155873
2016-06-15,BULL,JSWSTEEL.NS,4,4,0.14093329348711814,0.17250189224830903
2016-06-15,BULL,BIOCON.NS,5,5,0.10859623848848456,-0.023882509135535135
2016-06-15,BULL,BALRAMCHIN.NS,6,6,0.07175106296687023,0.07626107572657315
2016-06-15,BULL,HINDZINC.NS,7,7,0.11230217198310873,0.11917747325939176
2016-06-15,BULL,CHOLAFIN.NS,8,8,0.09171218752724336,0.03666969287948363
2016-06-15,BULL,BAJFINANCE.NS,9,10,0.11033061740547423,0.13601198230170097
2016-06-15,BULL,PIDILITIND.NS,10,13,0.1304004724575459,0.032480446927374285
2016-07-15,BULL,HSCL.NS,1,1,0.04861122082572979,-0.016064538912878623
2016-07-15,BULL,JSWSTEEL.NS,2,2,0.13018625237547762,0.0664271440197175
2016-07-15,BULL,YESBANK.NS,3,3,0.11105571126016023,0.09615980521425715
2016-07-15,BULL,MANAPPURAM.NS,4,4,0.044294269592024246,0.1800025170650461
2016-07-15,BULL,HINDZINC.NS,5,5,0.09661790633799557,0.16190512960022407
2016-07-15,BULL,CHOLAFIN.NS,6,8,0.08508526656746171,0.16035725830392167
2016-07-15,BULL,CENTRALBK.NS,7,9,0.07782631866611674,-0.0155265957633941
2016-07-15,BULL,HEROMOTOCO.NS,8,11,0.1274075972621544,0.012549497824413837
2016-07-15,BULL,M&M.NS,9,13,0.15230696624024626,-0.008279290774136581
2016-07-15,BULL,PIDILITIND.NS,10,14,0.12660849087263357,-0.01299438280005538
2016-08-16,BULL,MANAPPURAM.NS,1,1,0.07874813417427526,0.09528343302628528
2016-08-16,BULL,YESBANK.NS,2,2,0.17876719225231322,-0.09864456118246057
2016-08-16,BULL,HINDALCO.NS,3,3,0.09614260315528629,-0.07369125281861455
2016-08-16,BULL,VEDL.NS,4,4,0.08034276778091581,-0.044785853167142564
2016-08-16,BULL,VGUARD.NS,5,6,0.11805340165275441,0.07634766725877662
2016-08-16,BULL,DLF.NS,6,10,0.10156963089859958,-0.11640668795275455
2016-08-16,BULL,LTF.NS,7,12,0.1162137401427655,-0.002
2016-08-16,BULL,INDIANB.NS,8,16,0.055548944003765116,0.057326085538980776
2016-08-16,BULL,BIOCON.NS,9,17,0.09193363957902674,0.0959972253589576
2016-08-16,BULL,CGPOWER.NS,10,18,0.08267994636029807,-0.05959153553106544
2016-09-16,BULL,MANAPPURAM.NS,1,1,0.06496825795334304,0.07460015687161747
2016-09-16,BULL,VGUARD.NS,2,2,0.09004254390014144,0.010851787429822403
2016-09-16,BULL,BIOCON.NS,3,6,0.07070665331097345,0.08687068282353816
2016-09-16,BULL,MARUTI.NS,4,8,0.11757451087852819,0.0036160379268859195
2016-09-16,BULL,BAJAJFINSV.NS,5,9,0.08159982512372595,0.15901616380645622
2016-09-16,BULL,LTF.NS,6,10,0.08507666012621036,0.09264564597738767
2016-09-16,BULL,HINDPETRO.NS,7,11,0.08626021743619182,0.11052650534017117
2016-09-16,BULL,CGPOWER.NS,8,20,0.09241416446996173,-0.06372849394237057
2016-09-16,BULL,JSWSTEEL.NS,9,21,0.11539113984962703,0.011531782929849356
2016-09-16,BULL,HDFCBANK.NS,10,22,0.19596602695129703,-0.03243495613291936
2016-10-19,SIDEWAYS,MANAPPURAM.NS,1,1,0.3333333333333333,-0.2719804924536362
2016-10-19,SIDEWAYS,VEDL.NS,2,2,0.3333333333333333,-0.002595552214649797
2016-10-19,SIDEWAYS,HSCL.NS,3,3,0.3333333333333333,-0.22265706054814038
2016-11-21,BEAR,INDIANB.NS,1,1,0.5,-0.12397551678650287
2016-11-21,BEAR,VEDL.NS,2,2,0.5,0.13853389107304515
2016-12-20,BEAR,BLS.NS,1,1,0.5,-0.00910033635325169
2016-12-20,BEAR,VEDL.NS,2,2,0.5,0.0871263967984568
2017-01-18,SIDEWAYS,BLS.NS,1,1,0.3333333333333333,-0.026068954720269266
2017-01-18,SIDEWAYS,JUBLPHARMA.NS,2,2,0.3333333333333333,0.008091695720929383
2017-01-18,SIDEWAYS,IOC.NS,3,8,0.3333333333333333,0.14216502466565606
2017-02-17,BULL,MGL.NS,1,1,0.1281174548010771,0.03514670013524568
2017-02-17,BULL,IGL.NS,2,2,0.135388948311301,-0.03620383333103927
2017-02-17,BULL,TATACOMM.NS,3,3,0.0896630850060767,-0.03404357613607123
2017-02-17,BULL,IOC.NS,4,5,0.10386870606487279,-0.03444629987149428
2017-02-17,BULL,GAIL.NS,5,8,0.11671778799341348,-0.03767234792685836
2017-02-17,BULL,TVSMOTOR.NS,6,9,0.1095247317149394,0.01461210876173036
2017-02-17,BULL,VEDL.NS,7,10,0.07990283327759452,-0.010920094553486635
2017-02-17,BULL,AEGISLOG.NS,8,11,0.054934165746987604,0.01158151229201865
2017-02-17,BULL,BIOCON.NS,9,19,0.10565378861762777,0.024914605249984234
2017-02-17,BULL,INDIANB.NS,10,20,0.07622849846610968,-0.11660480256615535
2017-03-22,BULL,JSL.NS,1,1,0.05863573143096035,0.060367085434955614
2017-03-22,BULL,BALKRISIND.NS,2,2,0.10814922357290528,0.003929155432841782
2017-03-22,BULL,RBLBANK.NS,3,4,0.10528542051652763,0.12354901390701412
2017-03-22,BULL,VEDL.NS,4,5,0.0923359209965204,-0.05271514975902747
2017-03-22,BULL,TATACOMM.NS,5,7,0.1124273079702738,-0.027755500284395773
2017-03-22,BULL,NATIONALUM.NS,6,8,0.06711703345354471,-0.09260177763812394
2017-03-22,BULL,RECLTD.NS,7,13,0.09967432187342798,0.2511953454215783
2017-03-22,BULL,IOC.NS,8,14,0.12333155700196033,0.1435384681596623
2017-03-22,BULL,BAJAJFINSV.NS,9,17,0.10018283133156322,0.06224293388111768
2017-03-22,BULL,TVSMOTOR.NS,10,23,0.13286065185231627,0.123608524207093
2017-04-24,BULL,ITI.NS,1,1,0.04732511935302268,-0.19240765922418313
2017-04-24,BULL,RBLBANK.NS,2,2,0.09608403090686987,-0.07213666077962788
2017-04-24,BULL,CESC.NS,3,3,0.14461337348376224,-0.0444262976672789
2017-04-24,BULL,ADANIENT.NS,4,4,0.060312225698373585,-0.2119298873928822
2017-04-24,BULL,KEI.NS,5,8,0.07817600114502249,-0.06953319462328456
2017-04-24,BULL,ADANIENSOL.NS,6,9,0.060753249105707105,0.22975712925263014
2017-04-24,BULL,BEL.NS,7,12,0.1291830847850808,-0.08425572861148056
2017-04-24,BULL,HDFCBANK.NS,8,15,0.20739882161364395,0.01998213208573918
2017-04-24,BULL,RECLTD.NS,9,17,0.08884023295189937,0.021555015464693073
2017-04-24,BULL,GMRAIRPORT.NS,10,38,0.0873138609566179,-0.20473971458580276
2017-05-24,BULL,ESCORTS.NS,1,1,0.06745145013293122,0.17745950561157553
2017-05-24,BULL,JMFINANCIL.NS,2,2,0.06410751741217997,0.06666570634398838
2017-05-24,BULL,IOC.NS,3,5,0.1011463581031444,-0.08805305841148281
2017-05-24,BULL,TVSMOTOR.NS,4,6,0.10417775712594471,0.03133303039764446
2017-05-24,BULL,HDFCBANK.NS,5,8,0.16980491032589604,0.08177211450708599
2017-05-24,BULL,INDUSINDBK.NS,6,9,0.15407002047052967,0.05250638729789281
2017-05-24,BULL,MARUTI.NS,7,10,0.1122871732492218,0.06298888150224147
2017-05-24,BULL,VOLTAS.NS,8,12,0.09388174383097249,0.04100124731933219
2017-05-24,BULL,SAMMAANCAP.NS,9,13,0.07478944600247033,0.07011573061603338
2017-05-24,BULL,RECLTD.NS,10,18,0.05828362334670934,-0.13984090655676484
2017-06-22,BULL,ESCORTS.NS,1,1,0.06748243321671205,-0.0800511915750799
2017-06-22,BULL,IIFL.NS,2,2,0.05312975385024868,-0.028914247512025093
2017-06-22,BULL,HDFCBANK.NS,3,3,0.15420321563557762,0.026639321651156234
2017-06-22,BULL,LTF.NS,4,6,0.07777650830748167,0.05824114543990544
2017-06-22,BULL,SAMMAANCAP.NS,5,8,0.07438534953822108,0.03659101432926959
2017-06-22,BULL,INDUSINDBK.NS,6,10,0.13659238382035363,0.044806250404369585
2017-06-22,BULL,MARUTI.NS,7,15,0.10936244090299294,0.03059231007001917
2017-06-22,BULL,TVSMOTOR.NS,8,18,0.09673325941437964,0.06214759204227138
2017-06-22,BULL,PIDILITIND.NS,9,23,0.11428896983982678,-0.009516093684460934
2017-06-22,BULL,ASIANPAINT.NS,10,26,0.11604568547420588,-0.007849207324218897
2017-07-24,BULL,HDFCBANK.NS,1,1,0.2039012589042966,0.0195259981446263
2017-07-24,BULL,IIFL.NS,2,2,0.060343377177279445,-0.003092849936674911
2017-07-24,BULL,TVSMOTOR.NS,3,3,0.12570339532229433,0.010644950611763184
2017-07-24,BULL,RELIANCE.NS,4,4,0.10876311109907265,-0.02255407565355283
2017-07-24,BULL,BAJFINANCE.NS,5,5,0.08272679175504838,0.11187221626236754
2017-07-24,BULL,KEC.NS,6,6,0.06246475116386805,0.037001394474710514
2017-07-24,BULL,HSCL.NS,7,7,0.05861300083924394,0.06274389534360414
2017-07-24,BULL,KEI.NS,8,13,0.07468276515134661,-0.03933907819117277
2017-07-24,BULL,KOTAKBANK.NS,9,14,0.14321899596025256,-0.01494124216800785
2017-07-24,BULL,BAJAJFINSV.NS,10,15,0.07958255262729738,0.07908190105775859
2017-08-23,BULL,UNOMINDA.NS,1,1,0.0645594588428028,0.09695289028978471
2017-08-23,BULL,GRAVITA.NS,2,2,0.0473502956044569,0.19567438865762066
2017-08-23,BULL,HSCL.NS,3,3,0.05448125992535941,0.4753379188864493
2017-08-23,BULL,HDFCBANK.NS,4,4,0.1755904669925321,0.027140541562779452
2017-08-23,BULL,HINDUNILVR.NS,5,5,0.1219836933493889,0.040965896260875434
2017-08-23,BULL,BAJFINANCE.NS,6,7,0.07477248503072817,0.045125343921119
2017-08-23,BULL,RELIANCE.NS,7,8,0.09843734467820416,0.03134284451810054
2017-08-23,BULL,MARUTI.NS,8,11,0.14192639769972326,0.0740397534976256
2017-08-23,BULL,SAMMAANCAP.NS,9,12,0.07877005814032784,0.014861051667626636
2017-08-23,BULL,INDUSINDBK.NS,10,13,0.1421285397364764,0.02611726207058096
2017-09-22,BULL,HEG.NS,1,1,0.035794751062689985,0.3509738977522847
2017-09-22,BULL,HSCL.NS,2,2,0.04842374307525904,0.13133331009568794
2017-09-22,BULL,UNOMINDA.NS,3,3,0.08272589607391011,-0.05263477243277781
2017-09-22,BULL,MARUTI.NS,4,4,0.17668413674505773,-0.026540785744419537
2017-09-22,BULL,ADANIENSOL.NS,5,5,0.059146743698111064,0.8000994479071373
2017-09-22,BULL,HDFCBANK.NS,6,6,0.20224991994723526,-0.01789828259711379
2017-09-22,BULL,HINDUNILVR.NS,7,7,0.15231781898503416,0.02483176023301703
2017-09-22,BULL,DMART.NS,8,9,0.09100349978989605,0.09861100351391916
2017-09-22,BULL,LTF.NS,9,14,0.07454059573282357,-0.03804939255397699
2017-09-22,BULL,BAJFINANCE.NS,10,16,0.07711289488998303,-0.07542412870773973
2017-10-25,BULL,HEG.NS,1,1,0.043495389562152355,0.29009548499663773
2017-10-25,BULL,ADANIENSOL.NS,2,2,0.05909561511441061,-0.11613159416717234
2017-10-25,BULL,HSCL.NS,3,3,0.05264883492339995,0.12886563887242608
2017-10-25,BULL,GRAVITA.NS,4,4,0.05087865483439903,-0.0378031215182677
2017-10-25,BULL,TATASTEEL.NS,5,6,0.1182782327749233,-0.00882825751495686
2017-10-25,BULL,HINDUNILVR.NS,6,7,0.15972678676331534,0.000591535108589893
2017-10-25,BULL,BRITANNIA.NS,7,8,0.17500559679323216,0.02773575505583059
2017-10-25,BULL,MOTHERSON.NS,8,11,0.12848917285247471,-0.04659926858169239
2017-10-25,BULL,BHARTIARTL.NS,9,12,0.10584564317288907,-0.03961495904509771
2017-10-25,BULL,ASHOKLEY.NS,10,13,0.1065360732088035,-0.10939298111603324
2017-11-23,BULL,HEG.NS,1,1,0.03618251581169763,0.1519505353780779
2017-11-23,BULL,SAREGAMA.NS,2,2,0.0348205517519443,0.019774315444637258
2017-11-23,BULL,HSCL.NS,3,4,0.04333386982341857,-0.05255513713072901
2017-11-23,BULL,TATACONSUM.NS,4,5,0.07664154071467075,0.09971032995650786
2017-11-23,BULL,TATASTEEL.NS,5,7,0.12880114587169836,-0.00410461033842535
2017-11-23,BULL,BRITANNIA.NS,6,9,0.16913508616940082,-0.009464967720695825
2017-11-23,BULL,TVSMOTOR.NS,7,10,0.14496680888114402,0.05041344970495487
2017-11-23,BULL,RELIANCE.NS,8,12,0.11665628113970837,-0.030088882165740904
2017-11-23,BULL,ADANIENSOL.NS,9,17,0.0529185375534428,0.14656307621345088
2017-11-23,BULL,MARUTI.NS,10,19,0.19654366228287448,0.14411137523737194
2017-12-22,BULL,HEG.NS,1,1,0.04361210644069862,0.48833479131750024
2017-12-22,BULL,JUBLFOOD.NS,2,2,0.10308801443296389,0.2916310460498186
2017-12-22,BULL,TATACONSUM.NS,3,5,0.08084647204674855,0.012698702604043934
2017-12-22,BULL,HFCL.NS,4,6,0.05558537069421776,0.05045892665215579
2017-12-22,BULL,TVSMOTOR.NS,5,7,0.14795712500447428,-0.09089750039818845
2017-12-22,BULL,TATASTEEL.NS,6,8,0.1373077382528821,0.09438647448025606
2017-12-22,BULL,ADANIENSOL.NS,7,11,0.0555926213361636,-0.056919409587113945
2017-12-22,BULL,MARUTI.NS,8,12,0.15912197319488136,-0.033608218681129176
2017-12-22,BULL,BRITANNIA.NS,9,16,0.1524652851189131,-0.004148839483678611
2017-12-22,BULL,DIVISLAB.NS,10,17,0.06442329347805671,0.008459442384990636
2018-01-23,BULL,HEG.NS,1,1,0.05444338063716938,-0.22078618884274148
2018-01-23,BULL,RADICO.NS,2,2,0.06090310444953573,-0.21498770177379922
2018-01-23,BULL,JINDALSTEL.NS,3,4,0.07861899044104748,-0.09056412766327948
2018-01-23,BULL,TATACONSUM.NS,4,5,0.10250502845151474,-0.12081509807029278
2018-01-23,BULL,HSCL.NS,5,7,0.06730278208031694,-0.20916609160157562
2018-01-23,BULL,TATASTEEL.NS,6,9,0.1742372512177404,-0.0896925813577899
2018-01-23,BULL,TECHM.NS,7,12,0.13270884917643888,0.05443871972515968
2018-01-23,BULL,HFCL.NS,8,16,0.06559632727216634,-0.18268523088749433
2018-01-23,BULL,BHARATFORG.NS,9,19,0.17283626973109323,3.8067997576458207e-06
2018-01-23,BULL,DIVISLAB.NS,10,20,0.090848016542977,-0.048533978956026624
2018-02-23,SIDEWAYS,HEG.NS,1,1,0.3333333333333333,0.21114721069328835
2018-02-23,SIDEWAYS,ACE.NS,2,2,0.3333333333333333,-0.06588819159918047
2018-02-23,SIDEWAYS,LTM.NS,3,3,0.3333333333333333,-0.07865259910595412
2018-03-27,SIDEWAYS,HEG.NS,1,1,0.2952832641423996,-0.18375483025592665
2018-03-27,SIDEWAYS,BSOFT.NS,2,2,0.35235836792880026,0.10943497834800886
2018-03-27,SIDEWAYS,TITAN.NS,3,4,0.35235836792880026,0.02728681505510311
2018-04-27,BULL,TITAN.NS,1,1,0.12481211808958098,-0.05921647646995454
2018-04-27,BULL,BIOCON.NS,2,2,0.09890249401501838,0.033594033449830585
2018-04-27,BULL,ACE.NS,3,3,0.05764388588716697,-0.08032969794193856
2018-04-27,BULL,BSOFT.NS,4,4,0.08797752519298127,0.09785885000370564
2018-04-27,BULL,CHOLAFIN.NS,5,7,0.10681346945509036,-0.11316878280421783
2018-04-27,BULL,LTM.NS,6,8,0.058324521726864,0.051518602049630324
2018-04-27,BULL,PIDILITIND.NS,7,10,0.16358060455620982,0.09180550248562058
2018-04-27,BULL,SRF.NS,8,11,0.11769303495718794,-0.19361537030371356
2018-04-27,BULL,COFORGE.NS,9,13,0.05773116218844948,-0.03906820691224022
2018-04-27,BULL,DIVISLAB.NS,10,14,0.1265211839314508,-0.10459098891213248
2018-05-29,SIDEWAYS,BIOCON.NS,1,1,0.3397317433041531,-0.058249657121509535
2018-05-29,SIDEWAYS,JUBLFOOD.NS,2,2,0.3397317433041531,0.07723672636176881
2018-05-29,SIDEWAYS,HEG.NS,3,3,0.3205365133916938,-0.11077789161046747
2018-06-27,SIDEWAYS,JUBLFOOD.NS,1,1,0.3333333333333333,0.0023877220326782318
2018-06-27,SIDEWAYS,BSOFT.NS,2,2,0.3333333333333333,0.0444394872542937
2018-06-27,SIDEWAYS,TCS.NS,3,3,0.3333333333333333,0.05755811078335338
2018-07-26,SIDEWAYS,BRITANNIA.NS,1,1,0.3333333333333333,0.06342121559339664
2018-07-26,SIDEWAYS,BAJFINANCE.NS,2,2,0.3333333333333333,0.09158059251410666
2018-07-26,SIDEWAYS,COFORGE.NS,3,3,0.3333333333333333,0.06156969725921879
2018-08-28,SIDEWAYS,BAJFINANCE.NS,1,1,0.3333333333333333,-0.1906380563777521
2018-08-28,SIDEWAYS,JUBLFOOD.NS,2,2,0.3333333333333333,-0.18598703338440026
2018-08-28,SIDEWAYS,BRITANNIA.NS,3,3,0.3333333333333333,-0.1836701079389521
2018-09-28,SIDEWAYS,TCS.NS,1,1,0.3333333333333333,-0.11257724906892619
2018-09-28,SIDEWAYS,RELIANCE.NS,2,2,0.3333333333333333,-0.18257163389535325
2018-09-28,SIDEWAYS,PAGEIND.NS,3,3,0.3333333333333333,-0.1063485579274267
2018-10-31,BEAR,ADANIENT.NS,1,1,0.5,-0.021411921572207282
2018-10-31,BEAR,WIPRO.NS,2,2,0.5,-0.010906927737944215
2018-12-03,SIDEWAYS,ADANIPOWER.NS,1,1,0.30654749873180337,-0.1281884249487144
2018-12-03,SIDEWAYS,ADANIENT.NS,2,2,0.3467262506340983,-0.0730856016000746
2018-12-03,SIDEWAYS,ATUL.NS,3,3,0.3467262506340983,0.0023212297884589467
2019-01-02,SIDEWAYS,ADANIPOWER.NS,1,1,0.3103379650750072,-0.20971508398701533
2019-01-02,SIDEWAYS,ABFRL.NS,2,2,0.3448310174624964,0.06933722465138237
2019-01-02,SIDEWAYS,DIVISLAB.NS,3,3,0.3448310174624964,0.02199890315815023
2019-01-31,BEAR,CGCL.NS,1,1,0.5,-0.01186347229045026
2019-01-31,BEAR,PVRINOX.NS,2,2,0.5,-0.05298586183897869
2019-03-05,SIDEWAYS,BALRAMCHIN.NS,1,1,0.3333333333333333,0.05688740114227819
2019-03-05,SIDEWAYS,UPL.NS,2,2,0.3333333333333333,0.07281453031644891
2019-03-05,SIDEWAYS,DIVISLAB.NS,3,3,0.3333333333333333,0.031239227451265172
2019-04-05,BULL,BALRAMCHIN.NS,1,1,0.07222811991407367,-0.009208916959738465
2019-04-05,BULL,KAJARIACER.NS,2,2,0.11241966269087555,-0.06095634650451909
2019-04-05,BULL,TITAN.NS,3,8,0.14555993605229386,0.02122832289214327
2019-04-05,BULL,RECLTD.NS,4,10,0.07179048257917549,-0.11930395251479609
2019-04-05,BULL,BAJFINANCE.NS,5,11,0.11265033705307072,-0.06344440186343137
2019-04-05,BULL,MUTHOOTFIN.NS,6,12,0.09003467447644231,-0.05459162392140249
2019-04-05,BULL,SRF.NS,7,13,0.09441369306981724,-0.02012447998602085
2019-04-05,BULL,PNB.NS,8,15,0.07461208366208848,-0.07557664045165124
2019-04-05,BULL,RBLBANK.NS,9,17,0.11999464162144868,0.003886345229339396
2019-04-05,BULL,DIVISLAB.NS,10,21,0.10629636888071407,-0.041936106165549325
2019-05-10,SIDEWAYS,UPL.NS,1,1,0.3333333333333333,0.08486947509327125
2019-05-10,SIDEWAYS,BAJAJFINSV.NS,2,2,0.3333333333333333,0.11812273898860082
2019-05-10,SIDEWAYS,KAJARIACER.NS,3,3,0.3333333333333333,0.05979297776966064
2019-06-11,BULL,UPL.NS,1,1,0.12325076686491028,-0.08148288642265844
2019-06-11,BULL,MANAPPURAM.NS,2,2,0.06222976497498685,-0.09261607809858319
2019-06-11,BULL,TITAN.NS,3,3,0.1080700274697987,-0.14500161648433352
2019-06-11,BULL,BAJAJFINSV.NS,4,4,0.1053152975956854,-0.07605103690122883
2019-06-11,BULL,RECLTD.NS,5,5,0.06248161634208338,-0.08380917881260885
2019-06-11,BULL,MUTHOOTFIN.NS,6,6,0.07579309794811127,-0.061804489179292044
2019-06-11,BULL,AXISBANK.NS,7,9,0.1088474504214303,-0.056730846926188794
2019-06-11,BULL,COFORGE.NS,8,10,0.1480563429718042,-0.025794528318576093
2019-06-11,BULL,KOTAKBANK.NS,9,15,0.12502594713771747,-0.02312501404500833
2019-06-11,BULL,SRF.NS,10,16,0.0809296882734721,-0.046506141934132605
2019-07-10,SIDEWAYS,NAUKRI.NS,1,1,0.3333333333333333,-0.023666501663721307
2019-07-10,SIDEWAYS,JKCEMENT.NS,2,2,0.3333333333333333,-0.00010460786559906947
2019-07-10,SIDEWAYS,BALRAMCHIN.NS,3,3,0.3333333333333333,-0.21471067937404564
2019-08-08,BEAR,CANFINHOME.NS,1,1,0.5,0.024659617253385502
2019-08-08,BEAR,GUJGASLTD.NS,2,2,0.5,-0.03708767657023637
2019-09-12,BEAR,ABBOTINDIA.NS,1,1,0.5,0.11645976033931937
2019-09-12,BEAR,PRESTIGE.NS,2,2,0.5,-0.040396492636084136
2019-10-15,SIDEWAYS,ABBOTINDIA.NS,1,1,0.3333333333333333,0.13054374993297735
2019-10-15,SIDEWAYS,WHIRLPOOL.NS,2,2,0.3333333333333333,0.10162669484130893
2019-10-15,SIDEWAYS,NESTLEIND.NS,3,4,0.3333333333333333,0.012818719572150085
2019-11-15,SIDEWAYS,WHIRLPOOL.NS,1,1,0.3333333333333333,-0.02787940832089031
2019-11-15,SIDEWAYS,ABBOTINDIA.NS,2,2,0.3333333333333333,0.07368943564303265
2019-11-15,SIDEWAYS,ADANIENT.NS,3,4,0.3333333333333333,0.031889942878665645
2019-12-16,SIDEWAYS,ABBOTINDIA.NS,1,1,0.36989768218502533,-0.041760457153392605
2019-12-16,SIDEWAYS,ICICIPRULI.NS,2,2,0.36989768218502533,-0.01489671464371478
2019-12-16,SIDEWAYS,SCI.NS,3,4,0.2602046356299493,-0.014135849221931006
2020-01-15,BULL,BERGEPAINT.NS,1,1,0.1004058323031717,0.06759638631080844
2020-01-15,BULL,ASIANPAINT.NS,2,2,0.1515422232331804,0.015261588725639987
2020-01-15,BULL,IGL.NS,3,3,0.11954370285974886,0.10542630149369137
2020-01-15,BULL,MCX.NS,4,4,0.07719769768533657,-0.0855908658023441
2020-01-15,BULL,NAVINFLUOR.NS,5,7,0.08123748450974547,0.09559830668712199
2020-01-15,BULL,NESTLEIND.NS,6,12,0.15260479982208813,0.1024400695778993
2020-01-15,BULL,DMART.NS,7,14,0.10599606625465738,0.31379211196818724
2020-01-15,BULL,SCI.NS,8,15,0.04329660206064091,-0.04704508585265521
2020-01-15,BULL,GMRAIRPORT.NS,9,17,0.07390522288499458,-0.01035071352638972
2020-01-15,BULL,DLF.NS,10,19,0.09427036838643595,-0.09327277070463147
2020-02-13,BULL,COROMANDEL.NS,1,1,0.1359868678381049,-0.08955196928753939
2020-02-13,BULL,ADANIENT.NS,2,2,0.08493387656706586,-0.20780630372773812
2020-02-13,BULL,BERGEPAINT.NS,3,3,0.10827606890568531,-0.18707859326324938
2020-02-13,BULL,DMART.NS,4,11,0.0731451550515916,-0.2141140353587686
2020-02-13,BULL,SRF.NS,5,14,0.1256437544791437,-0.18941187315949726
2020-02-13,BULL,NAVINFLUOR.NS,6,15,0.07479665152563042,0.12383084861338278
2020-02-13,BULL,BAJFINANCE.NS,7,17,0.11573457528587654,-0.2214660342065694
2020-02-13,BULL,TRENT.NS,8,18,0.0727019535099745,-0.18888723691717757
2020-02-13,BULL,DIVISLAB.NS,9,19,0.1558630275189808,-0.11627717526308656
2020-02-13,BULL,JINDALSTEL.NS,10,20,0.052918069317946376,-0.20829195864789973
2020-03-17,BEAR,ABBOTINDIA.NS,1,1,0.5,0.10806280325640594
2020-03-17,BEAR,NAVINFLUOR.NS,2,2,0.5,0.0974809278517228
2020-04-21,BEAR,IPCALAB.NS,1,1,0.5,0.001313719167392426
2020-04-21,BEAR,NAVINFLUOR.NS,2,2,0.5,0.05344374020432685
2020-05-21,BEAR,JBCHEPHARM.NS,1,1,0.5,0.07216522344740373
2020-05-21,BEAR,AJANTPHARM.NS,2,2,0.5,-0.024623373578713026
2020-06-22,BEAR,JBCHEPHARM.NS,1,1,0.5,-0.007353865379208789
2020-06-22,BEAR,ALKYLAMINE.NS,2,2,0.5,0.07684699358720404
2020-07-21,SIDEWAYS,AUROPHARMA.NS,1,1,0.3333333333333333,0.07816743357989941
2020-07-21,SIDEWAYS,NAVINFLUOR.NS,2,2,0.3333333333333333,0.16165419922243185
2020-07-21,SIDEWAYS,ESCORTS.NS,3,3,0.3333333333333333,-0.009722971671493828
2020-08-19,SIDEWAYS,LAURUSLABS.NS,1,1,0.3333333333333333,0.31644049194070667
2020-08-19,SIDEWAYS,ALKYLAMINE.NS,2,2,0.3333333333333333,0.14884745116971176
2020-08-19,SIDEWAYS,TATACOMM.NS,3,3,0.3333333333333333,-0.014382008817285461
2020-09-17,BULL,CGPOWER.NS,1,1,0.06693230691254423,-0.10612588012628255
2020-09-17,BULL,LAURUSLABS.NS,2,2,0.06660772946020613,0.18227605205408182
2020-09-17,BULL,RELIANCE.NS,3,3,0.11491388257453308,-0.055311581283872036
2020-09-17,BULL,ALKYLAMINE.NS,4,4,0.07887269095727241,-0.07467350519510618
2020-09-17,BULL,NEULANDLAB.NS,5,5,0.04884587243379376,0.0905240991498435
2020-09-17,BULL,VEDL.NS,6,7,0.14355637378686462,-0.2801085678052374
2020-09-17,BULL,DRREDDY.NS,7,10,0.14102539616882512,0.04583259345789048
2020-09-17,BULL,TATACONSUM.NS,8,12,0.10983060332488527,-0.1341356816580539
2020-09-17,BULL,LTM.NS,9,13,0.11988931744154348,0.09928018978681563
2020-09-17,BULL,INFY.NS,10,17,0.10952582693953193,0.11164979598854674
2020-10-19,BULL,LAURUSLABS.NS,1,1,0.05453480082074706,-0.20621677874443423
2020-10-19,BULL,OFSS.NS,2,2,0.19200668004596608,-0.07288037367341493
2020-10-19,BULL,INFY.NS,3,3,0.14497515289287968,0.006767565096214014
2020-10-19,BULL,TATAELXSI.NS,4,5,0.09547664106104403,0.015347759438135046
2020-10-19,BULL,BSOFT.NS,5,6,0.05171596568601744,-0.03815173749105716
2020-10-19,BULL,HEROMOTOCO.NS,6,8,0.12294830095189944,-0.06891919479342845
2020-10-19,BULL,JSWSTEEL.NS,7,10,0.09826623280806097,0.08555991000816321
2020-10-19,BULL,ADANIENT.NS,8,20,0.05106971591473401,0.2420445761895833
2020-10-19,BULL,EICHERMOT.NS,9,23,0.10427144711376356,0.1542904055363048
2020-10-19,BULL,HINDALCO.NS,10,27,0.08473506270488775,0.16685611744203754
2020-11-17,BULL,CGPOWER.NS,1,1,0.07196363784017905,0.1286067424064734
2020-11-17,BULL,FSL.NS,2,2,0.09572873689685354,0.038843297091005535
2020-11-17,BULL,CYIENT.NS,3,3,0.10600810923942264,0.25910831210377094
2020-11-17,BULL,CHOLAFIN.NS,4,4,0.08755606928963604,0.15908528343352502
2020-11-17,BULL,ADANIENT.NS,5,6,0.06320309255138808,0.16284908858741987
2020-11-17,BULL,JSWSTEEL.NS,6,7,0.11344920900748061,0.07205765384243401
2020-11-17,BULL,BAJFINANCE.NS,7,8,0.08865899108009068,0.17596349795152388
2020-11-17,BULL,INFY.NS,8,10,0.15130644833136425,0.029591982488681223
2020-11-17,BULL,TATACOMM.NS,9,12,0.09721953337665773,0.03991677747640354
2020-11-17,BULL,EICHERMOT.NS,10,14,0.12490617238692735,-0.0315472185661585
2020-12-17,BULL,CGPOWER.NS,1,1,0.0631934563633532,-0.02183658538893296
2020-12-17,BULL,ADANIENT.NS,2,2,0.09015921844935441,0.10370432970604293
2020-12-17,BULL,EMAMILTD.NS,3,3,0.12072870788341221,0.14971831748470943
2020-12-17,BULL,LAURUSLABS.NS,4,4,0.06419020764003562,0.03789456860305673
2020-12-17,BULL,BSOFT.NS,5,5,0.0877073770254275,0.23064498284909862
2020-12-17,BULL,JSWSTEEL.NS,6,8,0.10693429337481425,0.0441497392253658
2020-12-17,BULL,TATASTEEL.NS,7,9,0.09153446493232882,0.04742557194360453
2020-12-17,BULL,INFY.NS,8,10,0.13521304956006222,0.12985838658504711
2020-12-17,BULL,TECHM.NS,9,12,0.10851187570748942,0.07127158650879006
2020-12-17,BULL,ASIANPAINT.NS,10,16,0.13182734906372237,0.0031064873970871893
2021-01-18,BULL,ADANIENT.NS,1,1,0.09379831061580064,0.5446182990865571
2021-01-18,BULL,LAURUSLABS.NS,2,2,0.07739101109400542,0.030124364095862388
2021-01-18,BULL,EMAMILTD.NS,3,3,0.1275364500343117,-0.01823408712421981
2021-01-18,BULL,KAJARIACER.NS,4,4,0.13881321208934916,0.33549556905049216
2021-01-18,BULL,ASHOKLEY.NS,5,6,0.08977338170305373,0.15460525534536607
2021-01-18,BULL,JSWSTEEL.NS,6,7,0.12217895777816938,0.0648232073213224
2021-01-18,BULL,TMPV.NS,7,8,0.07439102574171784,0.3403460415860837
2021-01-18,BULL,TATASTEEL.NS,8,13,0.09232551015181065,0.04314775571792673
2021-01-18,BULL,HFCL.NS,9,14,0.054305456795926355,0.004644444289443774
2021-01-18,BULL,WIPRO.NS,10,15,0.12948668399585517,-0.0028871105083163578
2021-02-17,BULL,ADANIENT.NS,1,1,0.09227922466741097,0.13066273339405177
2021-02-17,BULL,KAJARIACER.NS,2,2,0.15673300050487793,-0.05410172696020876
2021-02-17,BULL,BLUEDART.NS,3,3,0.13037697813045923,0.10718015794125013
2021-02-17,BULL,CGPOWER.NS,4,4,0.07850629361469975,0.23384912457699003
2021-02-17,BULL,ADANIENSOL.NS,5,5,0.07686029163001212,0.013272711131198324
2021-02-17,BULL,TMPV.NS,6,8,0.06834978073379812,-0.0662133320783822
2021-02-17,BULL,APOLLOHOSP.NS,7,9,0.1120983361606808,-0.09485942996177854
2021-02-17,BULL,CHOLAFIN.NS,8,10,0.07591656742742134,0.04506426236064409
2021-02-17,BULL,SBIN.NS,9,11,0.09268975118176136,-0.10060365506125979
2021-02-17,BULL,ADANIPORTS.NS,10,12,0.11618977594887833,0.0445115987964293
2021-03-19,SIDEWAYS,ADANIENT.NS,1,1,0.3333333333333333,0.299185816329711
2021-03-19,SIDEWAYS,TATACHEM.NS,2,2,0.3333333333333333,-0.03643906175437006
2021-03-19,SIDEWAYS,ADANIENSOL.NS,3,3,0.3333333333333333,0.385666017336751
2021-04-23,SIDEWAYS,ADANIENT.NS,1,1,0.3333333333333333,0.10611156942811717
2021-04-23,SIDEWAYS,VEDL.NS,2,2,0.3333333333333333,0.19931599141460699
2021-04-23,SIDEWAYS,ADANIENSOL.NS,3,3,0.3333333333333333,0.35911503837117675
2021-05-25,BULL,ADANIENSOL.NS,1,1,0.0955101431371937,-0.09078086080196035
2021-05-25,BULL,PRAJIND.NS,2,2,0.06846022969835411,0.015566318908036616
2021-05-25,BULL,HINDCOPPER.NS,3,3,0.06295941958553529,-0.10046247323854418
2021-05-25,BULL,VEDL.NS,4,4,0.1462616462485207,-0.08469455426757877
2021-05-25,BULL,ADANIENT.NS,5,5,0.09926740923837542,0.1710657514659808
2021-05-25,BULL,TATAELXSI.NS,6,6,0.1375901639935686,0.037861406615803395
2021-05-25,BULL,ADANIPOWER.NS,7,9,0.09789456004278652,0.25248210307604624
2021-05-25,BULL,HFCL.NS,8,10,0.079416927270361,0.3606149155882896
2021-05-25,BULL,WOCKPHARMA.NS,9,11,0.10517515437214556,-0.18598513339424672
2021-05-25,BULL,CGPOWER.NS,10,15,0.10746434641315908,-0.09707442884187623
2021-06-23,BULL,RPOWER.NS,1,1,0.06830377619748497,-0.18874700664044564
2021-06-23,BULL,ADANIENSOL.NS,2,2,0.07471018565780758,-0.2002670624548859
2021-06-23,BULL,TATAELXSI.NS,3,3,0.12145858548228979,0.1587096699941415
2021-06-23,BULL,ADANIENT.NS,4,4,0.06774152095016085,-0.06991692436411168
2021-06-23,BULL,JSWENERGY.NS,5,8,0.0892271233086694,0.48963583889599227
2021-06-23,BULL,LAURUSLABS.NS,6,12,0.12790262830891921,0.05159024485523034
2021-06-23,BULL,HFCL.NS,7,13,0.05613666152998946,0.09245279197011147
2021-06-23,BULL,TMPV.NS,8,16,0.11236567153066176,-0.12041899701711656
2021-06-23,BULL,SAIL.NS,9,18,0.0725625089901441,0.017742266553138597
2021-06-23,BULL,INFY.NS,10,24,0.20959133804387284,0.05607802453075461
2021-07-23,BULL,JSWENERGY.NS,1,1,0.0707869146155959,-0.09771639650334041
2021-07-23,BULL,INTELLECT.NS,2,2,0.06652771255167729,-0.2303990495468361
2021-07-23,BULL,GUJGASLTD.NS,3,3,0.10102124551217792,-0.011375848530821074
2021-07-23,BULL,AMBUJACEM.NS,4,8,0.14466061212878134,-0.0192756905183622
2021-07-23,BULL,LAURUSLABS.NS,5,9,0.09939075107564388,0.034971460980717683
2021-07-23,BULL,TATASTEEL.NS,6,11,0.08312700859595155,0.0941836247900758
2021-07-23,BULL,JSWSTEEL.NS,7,12,0.0892830883093795,-0.038094933835859046
2021-07-23,BULL,BAJAJFINSV.NS,8,17,0.11145807671004758,0.2449851798505911
2021-07-23,BULL,ULTRACEMCO.NS,9,19,0.16430916522018765,-0.0018089210423826146
2021-07-23,BULL,COFORGE.NS,10,23,0.06943542528055739,0.055098047677216266
2021-08-24,BULL,JSWENERGY.NS,1,1,0.06055115974325884,0.6232896334798212
2021-08-24,BULL,ELECON.NS,2,2,0.051958919061618154,0.07022910334519405
2021-08-24,BULL,SONATSOFTW.NS,3,3,0.07865151516899843,0.04940021897821989
2021-08-24,BULL,TATASTEEL.NS,4,5,0.08488253869215252,-0.06318946393817437
2021-08-24,BULL,COFORGE.NS,5,6,0.09478785707112394,0.14165653832435465
2021-08-24,BULL,LAURUSLABS.NS,6,8,0.09177707462432663,-0.0758371731001537
2021-08-24,BULL,FORTIS.NS,7,10,0.10096395231735371,-0.034672619364845225
2021-08-24,BULL,BAJAJFINSV.NS,8,11,0.11982354996987425,0.12205467354585164
2021-08-24,BULL,INFY.NS,9,12,0.20088016488376248,0.010610076528659198
2021-08-24,BULL,SRF.NS,10,16,0.11572326846753102,0.2224345043238285
2021-09-23,BULL,JSWENERGY.NS,1,1,0.05663452722064883,0.06340319805954975
2021-09-23,BULL,SRF.NS,2,2,0.09321576148345889,-0.046672986780618375
2021-09-23,BULL,BAJAJFINSV.NS,3,3,0.10194164876331167,-0.024519734903472035
2021-09-23,BULL,SONATSOFTW.NS,4,4,0.09540560085251495,-0.14568465589720703
2021-09-23,BULL,MPHASIS.NS,5,5,0.08939246683884053,-0.04240615253262492
2021-09-23,BULL,TATAELXSI.NS,6,6,0.08268887100134407,0.012388567361338644
2021-09-23,BULL,DMART.NS,7,7,0.18485928465010099,-0.00410884711522763
2021-09-23,BULL,DIVISLAB.NS,8,8,0.16088106720140716,-0.04347084079703056
2021-09-23,BULL,COFORGE.NS,9,9,0.0900109303751658,-0.10521529814634734
2021-09-23,BULL,HFCL.NS,10,12,0.044969841613207044,-0.050663377899348716
2021-10-25,BULL,JSWENERGY.NS,1,1,0.07647400255031271,-0.21211099480087958
2021-10-25,BULL,RPOWER.NS,2,2,0.057356413726310056,-0.04562413658869524
2021-10-25,BULL,TRIDENT.NS,3,3,0.06423888808942087,0.39415963839801527
2021-10-25,BULL,BAJFINANCE.NS,4,4,0.14360771835446198,-0.07011470770359085
2021-10-25,BULL,ICICIBANK.NS,5,5,0.1876229369844455,-0.10969867914781894
2021-10-25,BULL,MPHASIS.NS,6,6,0.09635309128546113,0.016072901982554955
2021-10-25,BULL,BAJAJFINSV.NS,7,8,0.10774320351350697,-0.041713199108476595
2021-10-25,BULL,INDHOTEL.NS,8,12,0.07847672104443522,0.027775069326353208
2021-10-25,BULL,OIL.NS,9,13,0.07752822613701728,-0.08210767053099788
2021-10-25,BULL,TECHM.NS,10,14,0.1105987983146283,0.031311241589381256
2021-11-25,SIDEWAYS,TTML.NS,1,1,0.3333333333333333,0.6617532447481522
2021-11-25,SIDEWAYS,OLECTRA.NS,2,2,0.3333333333333333,-0.10579378272625983
2021-11-25,SIDEWAYS,TRIDENT.NS,3,3,0.3333333333333333,-0.1879616678511884
2021-12-24,SIDEWAYS,TTML.NS,1,1,0.3333333333333333,0.12964402132269548
2021-12-24,SIDEWAYS,TRIDENT.NS,2,2,0.3333333333333333,0.1717044835644712
2021-12-24,SIDEWAYS,TECHM.NS,3,4,0.3333333333333333,-0.12420092257538495
2022-01-24,SIDEWAYS,TRIDENT.NS,1,1,0.3333333333333333,-0.13936719010446863
2022-01-24,SIDEWAYS,ESCORTS.NS,2,2,0.3333333333333333,-0.0005988508090923866
2022-01-24,SIDEWAYS,ONGC.NS,3,4,0.3333333333333333,-0.021655130602754036
2022-02-23,SIDEWAYS,ESCORTS.NS,1,1,0.39951151100559923,-0.08780890674521069
2022-02-23,SIDEWAYS,ADANIENSOL.NS,2,2,0.39951151100559923,0.1818944327426113
2022-02-23,SIDEWAYS,GMDCLTD.NS,3,3,0.20097697798880154,0.36604552778877597
2022-03-28,SIDEWAYS,GMDCLTD.NS,1,1,0.3333333333333333,-0.02285501566838699
2022-03-28,SIDEWAYS,BSE.NS,2,2,0.3333333333333333,-0.029233760241180518
2022-03-28,SIDEWAYS,CGPOWER.NS,3,3,0.3333333333333333,0.102879435322623
2022-04-28,SIDEWAYS,GMDCLTD.NS,1,1,0.3333333333333333,-0.300722054627344
2022-04-28,SIDEWAYS,ADANIPOWER.NS,2,2,0.3333333333333333,0.19500976039137674
2022-04-28,SIDEWAYS,POONAWALLA.NS,3,3,0.3333333333333333,-0.19437520300449118
2022-05-30,BEAR,ADANIPOWER.NS,1,1,0.5,-0.21963410299962438
2022-05-30,BEAR,CHENNPETRO.NS,2,2,0.5,0.21393868561297413
2022-06-28,BEAR,CHENNPETRO.NS,1,1,0.5,-0.18680429173425206
2022-06-28,BEAR,BLS.NS,2,2,0.5,0.19769816635317716
2022-07-27,BEAR,ADANIPOWER.NS,1,1,0.5,0.2598018299924567
2022-07-27,BEAR,BLS.NS,2,2,0.5,-0.04623474523400928
2022-08-29,SIDEWAYS,ADANIPOWER.NS,1,1,0.3103495574701554,-0.06921617660021595
2022-08-29,SIDEWAYS,ITC.NS,2,2,0.3448252212649223,0.03435804872438575
2022-08-29,SIDEWAYS,ADANIENT.NS,3,3,0.3448252212649223,0.12724003588842203
2022-09-28,BEAR,ADANIPOWER.NS,1,1,0.5,-0.09132698058762623
2022-09-28,BEAR,ADANIENT.NS,2,2,0.5,-0.05872417928387896
2022-10-31,BULL,KARURVYSYA.NS,1,1,0.06557997358048002,-0.03901925109538018
2022-10-31,BULL,TVSMOTOR.NS,2,2,0.10298593866457226,-0.08742403729871895
2022-10-31,BULL,ITC.NS,3,3,0.16208652813808502,-0.026950085312976158
2022-10-31,BULL,M&M.NS,4,4,0.12266811213716752,-0.03388483461493519
2022-10-31,BULL,INDIANB.NS,5,5,0.08142990313002593,0.04920133996377163
2022-10-31,BULL,UNIONBANK.NS,6,7,0.09725618294670506,0.5128421820762703
2022-10-31,BULL,BLS.NS,7,8,0.05301570717373523,0.14481000882665063
2022-10-31,BULL,HSCL.NS,8,9,0.08469777914532152,-0.010188942701654711
2022-10-31,BULL,INDHOTEL.NS,9,10,0.10991204424011679,-0.03839905510504105
2022-10-31,BULL,CUMMINSIND.NS,10,11,0.12036783084379064,0.046668279515962974
2022-11-30,BULL,UNIONBANK.NS,1,1,0.09073877025673355,-0.046702980321799314
2022-11-30,BULL,KARURVYSYA.NS,2,2,0.07676096001553519,0.13279792695016934
2022-11-30,BULL,ADANIENT.NS,3,3,0.10829430660644256,-0.02938702301303764
2022-11-30,BULL,KIRLOSENG.NS,4,4,0.06657530507366574,-0.05202999134214881
2022-11-30,BULL,CGPOWER.NS,5,5,0.12785261896588665,-0.04813729127932842
2022-11-30,BULL,BANKBARODA.NS,6,6,0.10724109308900882,0.11288713029735575
2022-11-30,BULL,VBL.NS,7,8,0.09271180456166495,0.08397710035896133
2022-11-30,BULL,BLS.NS,8,10,0.06796340786835708,-0.09395700027008291
2022-11-30,BULL,HSCL.NS,9,11,0.12213037772162745,-0.020941035256577534
2022-11-30,BULL,JSWSTEEL.NS,10,19,0.13973135584107801,0.03297440554814757
2022-12-29,SIDEWAYS,KARURVYSYA.NS,1,1,0.3333333333333333,-0.08031077992163527
2022-12-29,SIDEWAYS,FACT.NS,2,2,0.3333333333333333,-0.20489657908712744
2022-12-29,SIDEWAYS,RBLBANK.NS,3,4,0.3333333333333333,-0.15327481513738328
2023-01-30,SIDEWAYS,JSL.NS,1,1,0.34363811913128867,0.048974290211995175
2023-01-30,SIDEWAYS,FACT.NS,2,2,0.3127237617374226,-0.2048575625922221
2023-01-30,SIDEWAYS,INDIANB.NS,3,4,0.34363811913128867,-0.13590595826258545
2023-02-28,BEAR,JINDALSAW.NS,1,1,0.5,-0.030305114383681442
2023-02-28,BEAR,TRITURBINE.NS,2,2,0.5,0.047126063924201045
2023-03-31,BEAR,JSL.NS,1,1,0.5,0.00573673821353027
2023-03-31,BEAR,TITAGARH.NS,2,2,0.5,0.30668894184379036
2023-05-05,SIDEWAYS,FACT.NS,1,1,0.3333333333333333,-0.03665360463480449
2023-05-05,SIDEWAYS,NCC.NS,2,2,0.3333333333333333,-0.00280092815627153
2023-05-05,SIDEWAYS,TITAGARH.NS,3,4,0.3333333333333333,0.09191390437816516
2023-06-05,BULL,JINDALSAW.NS,1,1,0.04505623613513221,0.1770629638298531
2023-06-05,BULL,ZENTEC.NS,2,2,0.052746036684517876,-0.016044179142206905
2023-06-05,BULL,ITC.NS,3,3,0.15931527285990618,0.0761800167178206
2023-06-05,BULL,ZENSARTECH.NS,4,4,0.0550352437592681,-0.054051143860867845
2023-06-05,BULL,CHOLAFIN.NS,5,6,0.088286819871736,0.12951479775912556
2023-06-05,BULL,AUROPHARMA.NS,6,7,0.09412916872236456,0.10833536666229593
2023-06-05,BULL,ZYDUSLIFE.NS,7,8,0.16123954342808267,0.14483393650588194
2023-06-05,BULL,CGPOWER.NS,8,13,0.09982860276179698,0.005078191263368616
2023-06-05,BULL,BAJAJ-AUTO.NS,9,14,0.14483133637530538,0.06797778308867253
2023-06-05,BULL,ABB.NS,10,16,0.09953173940189014,0.08666843525529133
2023-07-05,BULL,JBMA.NS,1,1,0.052783056142303636,-0.10077702937844457
2023-07-05,BULL,ITC.NS,2,2,0.1817785241661695,-0.04209677525570743
2023-07-05,BULL,OLECTRA.NS,3,3,0.08503803900987732,0.14084997428584045
2023-07-05,BULL,ZENTEC.NS,4,4,0.06782862699646082,0.45514617590678874
2023-07-05,BULL,TITAGARH.NS,5,5,0.06143030449369691,0.25963009741403376
2023-07-05,BULL,ABB.NS,6,6,0.11538119244306362,-0.006019866012016982
2023-07-05,BULL,CHENNPETRO.NS,7,7,0.065899339370362,-0.034186189809664924
2023-07-05,BULL,CHOLAFIN.NS,8,8,0.10368258614490854,-0.09921880638287761
2023-07-05,BULL,BAJAJ-AUTO.NS,9,9,0.1661113863122516,-0.015036731315473338
2023-07-05,BULL,AUROPHARMA.NS,10,10,0.10006694492090604,0.14664681069968366
2023-08-03,BULL,TITAGARH.NS,1,1,0.07708420714412745,0.28981198664075203
2023-08-03,BULL,GLENMARK.NS,2,2,0.11675689770969358,-0.04069221980460769
2023-08-03,BULL,AUROPHARMA.NS,3,3,0.1154488989524098,-0.026692142724132006
2023-08-03,BULL,ZENTEC.NS,4,4,0.05988417085216656,0.35430841370145116
2023-08-03,BULL,ACE.NS,5,5,0.08285320520026793,-0.007830970605315344
2023-08-03,BULL,JINDALSAW.NS,6,7,0.054976317651258835,0.12834025673369753
2023-08-03,BULL,RECLTD.NS,7,9,0.1104587390368735,0.23529553709478224
2023-08-03,BULL,OLECTRA.NS,8,11,0.06150064775599471,0.09537522351328387
2023-08-03,BULL,TRENT.NS,9,13,0.183012701900007,0.20182833407861756
2023-08-03,BULL,ABB.NS,10,14,0.1380242137972007,-0.015304247219985133
2023-09-04,BULL,TITAGARH.NS,1,1,0.06908717059286826,-0.06538628811008607
2023-09-04,BULL,JWL.NS,2,2,0.0661181207479459,-0.1989447179503505
2023-09-04,BULL,HSCL.NS,3,3,0.08603784346565108,-0.02216208410041909
2023-09-04,BULL,RKFORGE.NS,4,4,0.08695760665659948,-0.1222424394550744
2023-09-04,BULL,BSE.NS,5,5,0.08300549997422933,0.11401083256665068
2023-09-04,BULL,RECLTD.NS,6,7,0.10547008033625366,0.14455138109132615
2023-09-04,BULL,ADANIPOWER.NS,7,8,0.08495430273089634,0.06851938262513912
2023-09-04,BULL,AUROPHARMA.NS,8,11,0.14139765198574034,0.06833927732806666
2023-09-04,BULL,LUPIN.NS,9,12,0.1585836698053889,0.04520238192265946
2023-09-04,BULL,ADANIENT.NS,10,15,0.11838805370442675,-0.003720348308688613
2023-10-05,SIDEWAYS,SUZLON.NS,1,1,0.3333333333333333,0.21664409365896442
2023-10-05,SIDEWAYS,BSE.NS,2,2,0.3333333333333333,0.40306002429551513
2023-10-05,SIDEWAYS,JWL.NS,3,3,0.3333333333333333,-0.007424332723228731
2023-11-06,SIDEWAYS,SUZLON.NS,1,1,0.3333333333333333,0.08423083194248093
2023-11-06,SIDEWAYS,BSE.NS,2,2,0.3333333333333333,0.3204741076900828
2023-11-06,SIDEWAYS,BSOFT.NS,3,3,0.3333333333333333,0.10247882337344971
2023-12-07,BULL,BSE.NS,1,1,0.07338607961900251,-0.07870143633147264
2023-12-07,BULL,SUZLON.NS,2,2,0.08580702997424297,0.08890907314772489
2023-12-07,BULL,HBLENGINE.NS,3,3,0.0787740666820239,0.12845135975835986
2023-12-07,BULL,RECLTD.NS,4,4,0.09336046825284133,0.10025534790699342
2023-12-07,BULL,BSOFT.NS,5,5,0.14801751820113426,0.08184817191966243
2023-12-07,BULL,TITAGARH.NS,6,6,0.07916828393327903,0.022396451425247266
2023-12-07,BULL,TRENT.NS,7,8,0.15260338431880996,0.06806547775119065
2023-12-07,BULL,MCX.NS,8,9,0.09288987840730574,-0.047307573199241615
2023-12-07,BULL,PRESTIGE.NS,9,11,0.0985110389529198,0.17829663076589686
2023-12-07,BULL,BHEL.NS,10,13,0.09748225165844054,0.0626480592190457
2024-01-08,BULL,BSE.NS,1,1,0.0709390358992387,0.10201747410500284
2024-01-08,BULL,RECLTD.NS,2,2,0.0959317016860274,0.17020379097997473
2024-01-08,BULL,BSOFT.NS,3,3,0.14220017200504126,0.17764256485847696
2024-01-08,BULL,HBLENGINE.NS,4,4,0.07569531149098384,0.3253522545905847
2024-01-08,BULL,SUZLON.NS,5,6,0.0829402178608287,0.1564507099008592
2024-01-08,BULL,NMDC.NS,6,7,0.11269085273848617,0.1336879350385196
2024-01-08,BULL,TRENT.NS,7,8,0.15001833858542404,0.25991059025244634
2024-01-08,BULL,PRESTIGE.NS,8,10,0.08052813120857603,-0.08986919383704284
2024-01-08,BULL,BHEL.NS,9,11,0.09434446950492785,0.18068004096670132
2024-01-08,BULL,MCX.NS,10,12,0.09471176902046603,0.22563929707706798
2024-02-08,BULL,JPPOWER.NS,1,1,0.07533248268065429,-0.19626047208100506
2024-02-08,BULL,SWANCORP.NS,2,2,0.10467970630052191,0.015313324936948371
2024-02-08,BULL,HBLENGINE.NS,3,3,0.09228787712033862,-0.21347349972399
2024-02-08,BULL,SUZLON.NS,4,4,0.10016143550009268,-0.21780543141792486
2024-02-08,BULL,NBCC.NS,5,9,0.06284814184788974,-0.19368284526172586
2024-02-08,BULL,BSE.NS,6,10,0.07704500279932239,-0.12448433976410156
2024-02-08,BULL,NMDC.NS,7,11,0.12506731144679295,-0.04213436773502599
2024-02-08,BULL,COALINDIA.NS,8,12,0.1336336307892575,-0.0021553642251239662
2024-02-08,BULL,MCX.NS,9,14,0.09866112570993749,-0.0915443404964853
2024-02-08,BULL,PNB.NS,10,15,0.1302832858051925,0.035007105743615874
2024-03-11,BULL,TATAINVEST.NS,1,1,0.05215510447279467,-0.18748932309779898
2024-03-11,BULL,BAJAJ-AUTO.NS,2,2,0.114629528231468,0.044821946215050756
2024-03-11,BULL,TMPV.NS,3,3,0.12717064637727526,-0.011241254207881244
2024-03-11,BULL,COALINDIA.NS,4,4,0.0914366838208788,0.0017453796431450303
2024-03-11,BULL,SWANCORP.NS,5,5,0.06991426317474363,-0.18689217610560038
2024-03-11,BULL,PNB.NS,6,6,0.09188046386401666,0.04415992324773832
2024-03-11,BULL,DLF.NS,7,7,0.10494313699154692,-0.0049081336340942566
2024-03-11,BULL,ADANIPORTS.NS,8,8,0.11989893644793843,0.010999701761731375
2024-03-11,BULL,CANBK.NS,9,10,0.10400627999855878,0.031432893714394616
2024-03-11,BULL,ZYDUSLIFE.NS,10,12,0.12396495662077889,-0.03448026895914069
2024-04-12,BULL,BAJAJ-AUTO.NS,1,1,0.12017111754097141,-0.019838007959246395
2024-04-12,BULL,CUMMINSIND.NS,2,2,0.10643847376364263,0.20158141924212525
2024-04-12,BULL,TORNTPOWER.NS,3,3,0.07296352608925556,-0.13811625274132544
2024-04-12,BULL,TMPV.NS,4,4,0.12368054877167664,-0.07190676902192128
2024-04-12,BULL,ZYDUSLIFE.NS,5,5,0.13157621239926012,0.03427292348690747
2024-04-12,BULL,SIEMENS.NS,6,6,0.1248181594634548,0.2744435787753625
2024-04-12,BULL,DLF.NS,7,8,0.09779910797547461,-0.09329425852477835
2024-04-12,BULL,BSE.NS,8,9,0.06183538031498759,0.0022241761074239825
2024-04-12,BULL,ADANIPORTS.NS,9,10,0.10998643440066093,-0.006723920881020582
2024-04-12,BULL,HINDCOPPER.NS,10,12,0.050731039280615654,0.05649888329658603
2024-05-15,SIDEWAYS,CUMMINSIND.NS,1,1,0.3333333333333333,0.03666212096348209
2024-05-15,SIDEWAYS,SIEMENS.NS,2,2,0.3333333333333333,0.09223674797930026
2024-05-15,SIDEWAYS,TRENT.NS,3,3,0.3333333333333333,0.15725528044035242
2024-06-14,BULL,OFSS.NS,1,1,0.08874648920814275,0.16432848409412792
2024-06-14,BULL,BAJAJ-AUTO.NS,2,2,0.15647794552139563,-0.026433509587819315
2024-06-14,BULL,TRENT.NS,3,3,0.11989551906893259,0.0745887390406259
2024-06-14,BULL,OIL.NS,4,4,0.07742149386182604,0.32439940112940624
2024-06-14,BULL,MOTHERSON.NS,5,5,0.10927215199920196,0.15004452470265273
2024-06-14,BULL,SIEMENS.NS,6,6,0.0822453820517058,-0.04328258449968403
2024-06-14,BULL,CUMMINSIND.NS,7,7,0.08784654281178077,0.009370811930343061
2024-06-14,BULL,ZYDUSLIFE.NS,8,9,0.11238552588035233,0.06582027888251996
2024-06-14,BULL,VOLTAS.NS,9,14,0.09378209267777814,0.017188149397348695
2024-06-14,BULL,VEDL.NS,10,15,0.071926856918884,0.01564969887187817
2024-07-16,BULL,OFSS.NS,1,1,0.09764373843318634,-0.019502641388806752
2024-07-16,BULL,OIL.NS,2,2,0.0781238436999521,0.09371553439214297
2024-07-16,BULL,TRENT.NS,3,3,0.12923185506515017,0.14941751287760008
2024-07-16,BULL,MOTHERSON.NS,4,4,0.11130373854834448,-0.0748950895120194
2024-07-16,BULL,CUMMINSIND.NS,5,5,0.0890229658407863,-0.024688058073142005
2024-07-16,BULL,BOSCHLTD.NS,6,6,0.14269457300707397,-0.08781941687480588
2024-07-16,BULL,ZYDUSLIFE.NS,7,7,0.11896575737422606,0.0028209987314151714
2024-07-16,BULL,NBCC.NS,8,8,0.06530747019584572,-0.016980957838675592
2024-07-16,BULL,SIEMENS.NS,9,9,0.0859041627646282,-0.03947692954918891
2024-07-16,BULL,INDUSTOWER.NS,10,10,0.08180189507080667,0.010166600995930032
2024-08-16,BULL,GLENMARK.NS,1,1,0.12084582141905068,0.11177205299347359
2024-08-16,BULL,COROMANDEL.NS,2,2,0.12270668191957934,-0.033055586560796546
2024-08-16,BULL,COLPAL.NS,3,3,0.166692073229654,0.0346372817416134
2024-08-16,BULL,M&M.NS,4,5,0.09610424387843201,-0.031238363204987962
2024-08-16,BULL,ZENTEC.NS,5,6,0.062093818018249834,0.006295553842015302
2024-08-16,BULL,OIL.NS,6,7,0.06354573815856346,-0.10237361991919325
2024-08-16,BULL,INDUSTOWER.NS,7,9,0.07592992247359505,0.039039399987935264
2024-08-16,BULL,AUROPHARMA.NS,8,10,0.12196428104926209,0.03875864548790853
2024-08-16,BULL,TRENT.NS,9,11,0.0873430094095502,0.12355358166348651
2024-08-16,BULL,CGPOWER.NS,10,13,0.08277441044406333,-0.0037472108449578805
2024-09-16,BULL,PGEL.NS,1,1,0.053615522991626155,-0.03975366606098096
2024-09-16,BULL,GLENMARK.NS,2,2,0.1495992625857766,0.020969348998232773
2024-09-16,BULL,LALPATHLAB.NS,3,3,0.1854418532636935,-0.005903756912771561
2024-09-16,BULL,SUZLON.NS,4,4,0.07989665005504605,-0.11593145506700808
2024-09-16,BULL,GRAVITA.NS,5,5,0.04410196256993994,-0.05048663039128953
2024-09-16,BULL,VEDL.NS,6,7,0.107328858437466,0.08852194996943363
2024-09-16,BULL,VOLTAS.NS,7,8,0.10147239137971371,-0.02011063736366281
2024-09-16,BULL,INDUSTOWER.NS,8,9,0.10443851302465627,-0.09635505261310062
2024-09-16,BULL,TRENT.NS,9,10,0.09082531673970917,0.06454098712347367
2024-09-16,BULL,HSCL.NS,10,13,0.08327966895237254,0.1105905848766846
2024-10-16,SIDEWAYS,PGEL.NS,1,1,0.32459186056574607,0.06133497563042467
2024-10-16,SIDEWAYS,GLENMARK.NS,2,2,0.33770406971712696,-0.14107210709214846
2024-10-16,SIDEWAYS,HSCL.NS,3,3,0.33770406971712696,-0.1953798384243819
2024-11-14,BEAR,PGEL.NS,1,1,0.5,0.5638051874054144
2024-11-14,BEAR,WOCKPHARMA.NS,2,2,0.5,0.26454703918862243
2024-12-17,SIDEWAYS,PGEL.NS,1,1,0.3333333333333333,-0.08696700446897376
2024-12-17,SIDEWAYS,WOCKPHARMA.NS,2,2,0.3333333333333333,-0.07878556396803749
2024-12-17,SIDEWAYS,COFORGE.NS,3,3,0.3333333333333333,-0.07342453786633185
2025-01-16,BEAR,BSE.NS,1,1,0.5,-0.12530997966959645
2025-01-16,BEAR,PGEL.NS,2,2,0.5,-0.19614990405695154
2025-02-13,BEAR,DIVISLAB.NS,1,1,0.5,-0.05850942555510541
2025-02-13,BEAR,BAJFINANCE.NS,2,2,0.5,0.018376943287298664
2025-03-18,BEAR,NAVINFLUOR.NS,1,1,0.5,0.030983064379846548
2025-03-18,BEAR,SRF.NS,2,2,0.5,-0.0007713339115418254
2025-04-22,SIDEWAYS,BAJFINANCE.NS,1,1,0.3333333333333333,-0.013777563106074362
2025-04-22,SIDEWAYS,NH.NS,2,2,0.3333333333333333,-0.06340356549605874
2025-04-22,SIDEWAYS,SRF.NS,3,3,0.3333333333333333,-0.03841785443467005
2025-05-22,SIDEWAYS,SOLARINDS.NS,1,1,0.3333333333333333,0.13046273406229147
2025-05-22,SIDEWAYS,BAJFINANCE.NS,2,2,0.3333333333333333,-0.0069817993232331715
2025-05-22,SIDEWAYS,MANAPPURAM.NS,3,3,0.3333333333333333,0.17996455430520553
2025-06-20,BULL,SOLARINDS.NS,1,1,0.08208460169493646,-0.12326775678308222
2025-06-20,BULL,MANAPPURAM.NS,2,2,0.08642840939307662,-0.006236512378195223
2025-06-20,BULL,MFSL.NS,3,3,0.1074241123848754,-0.03559875635660115
2025-06-20,BULL,BEL.NS,4,4,0.089961870095754,-0.0223306306487977
2025-06-20,BULL,SRF.NS,5,5,0.0865267706733436,0.03110120018978013
2025-06-20,BULL,LTF.NS,6,6,0.07569756262571674,0.10602421994017108
2025-06-20,BULL,BHARTIARTL.NS,7,7,0.11963890512655173,-0.007958213062333129
2025-06-20,BULL,BRITANNIA.NS,8,8,0.13951911197842595,0.014914219252665452
2025-06-20,BULL,KOTAKBANK.NS,9,9,0.1087897191653491,-0.002969470821709284
2025-06-20,BULL,DMART.NS,10,11,0.10392893686197038,-0.06632106273477023
2025-07-21,BULL,GODFRYPHLP.NS,1,1,0.06404043607153166,0.20191728138763532
2025-07-21,BULL,MFSL.NS,2,2,0.13253096012562682,0.06409588612661388
2025-07-21,BULL,LAURUSLABS.NS,3,3,0.10149306913928455,0.0541817955165349
2025-07-21,BULL,BEL.NS,4,6,0.09702226622072385,-0.07010195731087165
2025-07-21,BULL,LTF.NS,5,7,0.08746893028625793,0.02625526510673737
2025-07-21,BULL,RBLBANK.NS,6,9,0.06155488115392068,-0.01931002222892375
2025-07-21,BULL,HDFCBANK.NS,7,10,0.17240220863292083,-0.005675231261982215
2025-07-21,BULL,GLENMARK.NS,8,14,0.06846909047068521,-0.1213701408887422
2025-07-21,BULL,NAVINFLUOR.NS,9,15,0.10502621631480778,0.0062504795931632735
2025-07-21,BULL,TATASTEEL.NS,10,16,0.10999194158424068,-0.008747738112024226
2025-08-20,BULL,MFSL.NS,1,1,0.13295494539427596,-0.05182965784291005
2025-08-20,BULL,FORTIS.NS,2,2,0.11898174665780943,-0.01237398192163963
2025-08-20,BULL,GODFRYPHLP.NS,3,3,0.049662461282798755,-0.041021084428071286
2025-08-20,BULL,LTF.NS,4,6,0.09423985202472242,0.13733399910308308
2025-08-20,BULL,GVT&D.NS,5,7,0.06130567315416702,0.09974978031875148
2025-08-20,BULL,CUMMINSIND.NS,6,8,0.11799127122372986,0.06661511214744809
2025-08-20,BULL,BOSCHLTD.NS,7,9,0.0929131122222507,-0.0056309002128458446
2025-08-20,BULL,EICHERMOT.NS,8,10,0.17232888205055905,0.1724842105263158
2025-08-20,BULL,LAURUSLABS.NS,9,11,0.08984077978855372,0.061980406369605
2025-08-20,BULL,RBLBANK.NS,10,14,0.06978127620113313,0.057958847213491316
2025-09-19,BULL,LTF.NS,1,1,0.10764824985829913,0.08373172176561239
2025-09-19,BULL,GVT&D.NS,2,2,0.07649303962936865,-0.03755246692462122
2025-09-19,BULL,FORTIS.NS,3,3,0.12242957346810264,0.14889890493736946
2025-09-19,BULL,CUMMINSIND.NS,4,4,0.15482672114027737,-0.021483385376900643
2025-09-19,BULL,RBLBANK.NS,5,5,0.08403542960369258,0.1959704571825991
2025-09-19,BULL,HBLENGINE.NS,6,6,0.058532095258568104,0.13612851505700396
2025-09-19,BULL,TVSMOTOR.NS,7,7,0.11049510213634887,0.03452182979270746
2025-09-19,BULL,GMDCLTD.NS,8,8,0.043991087897503375,0.020026111161554283
2025-09-19,BULL,LAURUSLABS.NS,9,9,0.09856479049062467,-0.010797305179122805
2025-09-19,BULL,EICHERMOT.NS,10,10,0.14298391051721457,0.004453000645300078
2025-10-21,BULL,GVT&D.NS,1,1,0.07739107204725558,-0.02146212182580487
2025-10-21,BULL,FORTIS.NS,2,2,0.09947175042490904,-0.16312580424476464
2025-10-21,BULL,CUMMINSIND.NS,3,3,0.15206176575946886,0.08120621472822664
2025-10-21,BULL,RBLBANK.NS,4,4,0.07977535230668292,-0.03957887546224048
2025-10-21,BULL,LTF.NS,5,5,0.0957766682370982,0.07584204022692465
2025-10-21,BULL,HEROMOTOCO.NS,6,6,0.10132570612083765,0.061047840674844256
2025-10-21,BULL,MARUTI.NS,7,7,0.11437332495280435,-0.027555013417906782
2025-10-21,BULL,HBLENGINE.NS,8,8,0.05743679062801345,-0.06200107872007876
2025-10-21,BULL,BEL.NS,9,9,0.11883041072876295,-0.005231964494981754
2025-10-21,BULL,INDIANB.NS,10,10,0.10355715879416695,0.045338015984619506
2025-11-21,BULL,LAURUSLABS.NS,1,1,0.09478564482078226,0.08591654778922941
2025-11-21,BULL,MUTHOOTFIN.NS,2,2,0.08246463540269075,0.04046419194127049
2025-11-21,BULL,CUMMINSIND.NS,3,3,0.12015332500839287,0.04094158358747069
2025-11-21,BULL,LTF.NS,4,4,0.07582365539716567,0.04874470976530154
2025-11-21,BULL,INDIANB.NS,5,5,0.10961670957824178,-0.07701752313280386
2025-11-21,BULL,HEROMOTOCO.NS,6,6,0.11226614678578146,-0.05247889010614448
2025-11-21,BULL,MARUTI.NS,7,7,0.14923691268101824,0.04006046191400148
2025-11-21,BULL,CANBK.NS,8,8,0.10156531631493454,0.02907629894933117
2025-11-21,BULL,M&MFIN.NS,9,13,0.09118904228256734,0.14907284146592015
2025-11-21,BULL,NEULANDLAB.NS,10,14,0.0628986117284251,-0.0535122303892035
2025-12-22,BULL,LAURUSLABS.NS,1,1,0.09170188237048463,-0.0736970050825243
2025-12-22,BULL,MARUTI.NS,2,2,0.1565274635492963,-0.05479596372154483
2025-12-22,BULL,NATIONALUM.NS,3,3,0.0748627225348821,0.24326356832526863
2025-12-22,BULL,EICHERMOT.NS,4,4,0.13690576182329345,-0.022777617774120573
2025-12-22,BULL,CUMMINSIND.NS,5,6,0.11377589726775217,-0.11686976514980763
2025-12-22,BULL,LTF.NS,6,8,0.07104785606239745,-0.0745234411986575
2025-12-22,BULL,CANBK.NS,7,9,0.09767972942672508,0.0010604563617284696
2025-12-22,BULL,M&MFIN.NS,8,10,0.0690670877609988,-0.11523863879987839
2025-12-22,BULL,MUTHOOTFIN.NS,9,11,0.08154146165204706,0.028656493087534596
2025-12-22,BULL,HINDALCO.NS,10,12,0.10689013755212302,0.08434552711593901
2026-01-21,SIDEWAYS,NATIONALUM.NS,1,1,0.3221540802005781,-0.0463355165958389
2026-01-21,SIDEWAYS,VEDL.NS,2,2,0.33892295989971094,0.0065716177527661585
2026-01-21,SIDEWAYS,SBIN.NS,3,4,0.33892295989971094,0.1802290272840279
2026-02-20,SIDEWAYS,BHARATFORG.NS,1,1,0.3333333333333333,-0.04199999174557267
2026-02-20,SIDEWAYS,JKTYRE.NS,2,2,0.3333333333333333,-0.1851691952849518
2026-02-20,SIDEWAYS,ASHOKLEY.NS,3,3,0.3333333333333333,-0.18490647358845969
2026-03-24,BEAR,KIRLOSENG.NS,1,1,0.5,0.2965917559380693
2026-03-24,BEAR,GESHIP.NS,2,2,0.5,0.052121687989706844
2026-04-28,BEAR,KIRLOSENG.NS,1,1,0.5,0.05923867669383709
2026-04-28,BEAR,NATIONALUM.NS,2,2,0.5,-0.01625333878323587
2026-05-27,BEAR,HFCL.NS,1,1,0.5,0.2342005649928176
2026-05-27,BEAR,MCX.NS,2,2,0.5,-0.105466850982468
